SPECIES_LU_VERSION; ISGS Species List
TERMS_AND_CONDITIONS; Free to use, cite original source
SPECIES_NR;NAME;GENUS;SPECIES;AUTHOR;SYNONYM;VALID_NR;VALID_NAME;SECUNDUM
1;Acer pseudoplatanus;Acer;pseudoplatanus;NA;FALSE;1;Acer pseudoplatanus;NA
2;Acer sp.;Acer;sp.;NA;FALSE;2;Acer sp.;NA
3;Achillea millefolium;Achillea;millefolium;NA;FALSE;3;Achillea millefolium;NA
4;Achillea ptarmica;Achillea;ptarmica;NA;FALSE;4;Achillea ptarmica;NA
5;Adelanthus decipiens;Adelanthus;decipiens;NA;FALSE;5;Adelanthus decipiens;NA
6;Agrimonia eupatoria;Agrimonia;eupatoria;NA;FALSE;6;Agrimonia eupatoria;NA
7;Agrostis canina;Agrostis;canina;NA;FALSE;7;Agrostis canina;NA
8;Agrostis capillaris;Agrostis;capillaris;NA;FALSE;8;Agrostis capillaris;NA
9;Agrostis gigantea;Agrostis;gigantea;NA;FALSE;9;Agrostis gigantea;NA
10;Agrostis stolonifera;Agrostis;stolonifera;NA;FALSE;10;Agrostis stolonifera;NA
11;Agrostis vinealis;Agrostis;vinealis;NA;FALSE;11;Agrostis vinealis;NA
12;Aira caryophyllea;Aira;caryophyllea;NA;FALSE;12;Aira caryophyllea;NA
13;Aira praecox;Aira;praecox;NA;FALSE;13;Aira praecox;NA
14;Ajuga reptans;Ajuga;reptans;NA;FALSE;14;Ajuga reptans;NA
15;Alchemilla alpina;Alchemilla;alpina;NA;FALSE;15;Alchemilla alpina;NA
16;Alchemilla filicaulis;Alchemilla;filicaulis;NA;FALSE;16;Alchemilla filicaulis;NA
17;Alchemilla filicaulis s. vestita;Alchemilla;filicaulis s. vestita;NA;FALSE;17;Alchemilla filicaulis s. vestita;NA
18;Alchemilla glabra;Alchemilla;glabra;NA;FALSE;18;Alchemilla glabra;NA
19;Alchemilla xanthochlora;Alchemilla;xanthochlora;NA;FALSE;19;Alchemilla xanthochlora;NA
20;Alisma lanceolatum;Alisma;lanceolatum;NA;FALSE;20;Alisma lanceolatum;NA
21;Alisma plantago-aquatica;Alisma;plantago-aquatica;NA;FALSE;21;Alisma plantago-aquatica;NA
22;Allium sp.;Allium;sp.;NA;FALSE;22;Allium sp.;NA
23;Allium vineale;Allium;vineale;NA;FALSE;23;Allium vineale;NA
24;Alnus glutinosa;Alnus;glutinosa;NA;FALSE;24;Alnus glutinosa;NA
25;Alopecurus geniculatus;Alopecurus;geniculatus;NA;FALSE;25;Alopecurus geniculatus;NA
26;Alopecurus pratensis;Alopecurus;pratensis;NA;FALSE;26;Alopecurus pratensis;NA
27;Amblystegium humile;Amblystegium;humile;NA;FALSE;27;Amblystegium humile;NA
28;Amblystegium serpens;Amblystegium;serpens;NA;FALSE;28;Amblystegium serpens;NA
29;Amblystegium varium;Amblystegium;varium;NA;FALSE;29;Amblystegium varium;NA
30;Anacamptis pyramidalis;Anacamptis;pyramidalis;NA;FALSE;30;Anacamptis pyramidalis;NA
31;Anagallis arvensis;Anagallis;arvensis;NA;FALSE;31;Anagallis arvensis;NA
32;Anagallis minima;Anagallis;minima;NA;FALSE;32;Anagallis minima;NA
33;Anagallis tenella;Anagallis;tenella;NA;FALSE;33;Anagallis tenella;NA
34;Andreaea alpina;Andreaea;alpina;NA;FALSE;34;Andreaea alpina;NA
35;Andreaea rothii;Andreaea;rothii;NA;FALSE;35;Andreaea rothii;NA
36;Anemone nemorosa;Anemone;nemorosa;NA;FALSE;36;Anemone nemorosa;NA
37;Aneura pinguis;Aneura;pinguis;NA;FALSE;37;Aneura pinguis;NA
38;Angelica sylvestris;Angelica;sylvestris;NA;FALSE;38;Angelica sylvestris;NA
39;Anisantha sterilis;Anisantha;sterilis;NA;FALSE;39;Anisantha sterilis;NA
40;Anoectangium aestivum;Anoectangium;aestivum;NA;FALSE;40;Anoectangium aestivum;NA
41;Anomobryum julaceum;Anomobryum;julaceum;NA;FALSE;41;Anomobryum julaceum;NA
42;Anomodon viticulosus;Anomodon;viticulosus;NA;FALSE;42;Anomodon viticulosus;NA
43;Antennaria dioica;Antennaria;dioica;NA;FALSE;43;Antennaria dioica;NA
44;Anthoceros punctatus;Anthoceros;punctatus;NA;FALSE;44;Anthoceros punctatus;NA
45;Anthoceros sp.;Anthoceros;sp.;NA;FALSE;45;Anthoceros sp.;NA
46;Anthoxanthum odoratum;Anthoxanthum;odoratum;NA;FALSE;46;Anthoxanthum odoratum;NA
47;Anthriscus sylvestris;Anthriscus;sylvestris;NA;FALSE;47;Anthriscus sylvestris;NA
48;Anthyllis vulneraria;Anthyllis;vulneraria;NA;FALSE;48;Anthyllis vulneraria;NA
49;Aphanes arvensis;Aphanes;arvensis;NA;FALSE;49;Aphanes arvensis;NA
50;Apium inundatum;Apium;inundatum;NA;FALSE;50;Apium inundatum;NA
51;Apium nodiflorum;Apium;nodiflorum;NA;FALSE;51;Apium nodiflorum;NA
52;Archidium alternifolium;Archidium;alternifolium;NA;FALSE;52;Archidium alternifolium;NA
53;Arenaria serpyllifolia;Arenaria;serpyllifolia;NA;FALSE;53;Arenaria serpyllifolia;NA
54;Armeria maritima;Armeria;maritima;NA;FALSE;54;Armeria maritima;NA
55;Arrhenatherum elatius;Arrhenatherum;elatius;NA;FALSE;55;Arrhenatherum elatius;NA
56;Arrhenatherum elatius;Arrhenatherum;elatius;NA;FALSE;56;Arrhenatherum elatius;NA
57;Artemisia absinthium;Artemisia;absinthium;NA;FALSE;57;Artemisia absinthium;NA
58;Asperula cynanchica;Asperula;cynanchica;NA;FALSE;58;Asperula cynanchica;NA
59;Asplenium adiantum-nigrum;Asplenium;adiantum-nigrum;NA;FALSE;59;Asplenium adiantum-nigrum;NA
60;Asplenium ruta-muraria;Asplenium;ruta-muraria;NA;FALSE;60;Asplenium ruta-muraria;NA
61;Asplenium trichomanes;Asplenium;trichomanes;NA;FALSE;61;Asplenium trichomanes;NA
62;Asplenium viride;Asplenium;viride;NA;FALSE;62;Asplenium viride;NA
63;Aster tripolium;Aster;tripolium;NA;FALSE;63;Aster tripolium;NA
64;Athyrium filix-femina;Athyrium;filix-femina;NA;FALSE;64;Athyrium filix-femina;NA
65;Atrichum tenellum;Atrichum;tenellum;NA;FALSE;65;Atrichum tenellum;NA
66;Atrichum undulatum;Atrichum;undulatum;NA;FALSE;66;Atrichum undulatum;NA
67;Atriplex prostrata;Atriplex;prostrata;NA;FALSE;67;Atriplex prostrata;NA
68;Aulacomnium palustre;Aulacomnium;palustre;NA;FALSE;68;Aulacomnium palustre;NA
69;Aulacomnium sp.;Aulacomnium;sp.;NA;FALSE;69;Aulacomnium sp.;NA
70;Avena sativa;Avena;sativa;NA;FALSE;70;Avena sativa;NA
71;Barbilophozia floerkei;Barbilophozia;floerkei;NA;FALSE;71;Barbilophozia floerkei;NA
72;Barbula convoluta;Barbula;convoluta;NA;FALSE;72;Barbula convoluta;NA
73;Barbula unguiculata;Barbula;unguiculata;NA;FALSE;73;Barbula unguiculata;NA
74;Bazzania tricrenata;Bazzania;tricrenata;NA;FALSE;74;Bazzania tricrenata;NA
75;Bellis perennis;Bellis;perennis;NA;FALSE;75;Bellis perennis;NA
76;Betula pubescens;Betula;pubescens;NA;FALSE;76;Betula pubescens;NA
77;Bidens cernua;Bidens;cernua;NA;FALSE;77;Bidens cernua;NA
78;Bidens tripartita;Bidens;tripartita;NA;FALSE;78;Bidens tripartita;NA
79;Blackstonia perfoliata;Blackstonia;perfoliata;NA;FALSE;79;Blackstonia perfoliata;NA
80;Blasia pusilla;Blasia;pusilla;NA;FALSE;80;Blasia pusilla;NA
81;Blechnum spicant;Blechnum;spicant;NA;FALSE;81;Blechnum spicant;NA
82;Blepharostoma trichophyllum;Blepharostoma;trichophyllum;NA;FALSE;82;Blepharostoma trichophyllum;NA
83;Blindia acuta;Blindia;acuta;NA;FALSE;83;Blindia acuta;NA
84;Brachypodium pinnatum;Brachypodium;pinnatum;NA;FALSE;84;Brachypodium pinnatum;NA
85;Brachypodium sp.;Brachypodium;sp.;NA;FALSE;85;Brachypodium sp.;NA
86;Brachypodium sylvaticum;Brachypodium;sylvaticum;NA;FALSE;86;Brachypodium sylvaticum;NA
87;Brachythecium albicans;Brachythecium;albicans;NA;FALSE;87;Brachythecium albicans;NA
88;Brachythecium glareosum;Brachythecium;glareosum;NA;FALSE;88;Brachythecium glareosum;NA
89;Brachythecium mildeanum;Brachythecium;mildeanum;NA;FALSE;89;Brachythecium mildeanum;NA
90;Brachythecium populeum;Brachythecium;populeum;NA;FALSE;90;Brachythecium populeum;NA
91;Brachythecium rivulare;Brachythecium;rivulare;NA;FALSE;91;Brachythecium rivulare;NA
92;Brachythecium rutabulum;Brachythecium;rutabulum;NA;FALSE;92;Brachythecium rutabulum;NA
93;Brachythecium sp.;Brachythecium;sp.;NA;FALSE;93;Brachythecium sp.;NA
94;Brachythecium velutinum;Brachythecium;velutinum;NA;FALSE;94;Brachythecium velutinum;NA
95;Breutelia chrysocoma;Breutelia;chrysocoma;NA;FALSE;95;Breutelia chrysocoma;NA
96;Briza media;Briza;media;NA;FALSE;96;Briza media;NA
97;Bromopsis erecta;Bromopsis;erecta;NA;FALSE;97;Bromopsis erecta;NA
98;Bromopsis ramosa;Bromopsis;ramosa;NA;FALSE;98;Bromopsis ramosa;NA
99;Bromus commutatus;Bromus;commutatus;NA;FALSE;99;Bromus commutatus;NA
100;Bromus hordeaceus;Bromus;hordeaceus;NA;FALSE;100;Bromus hordeaceus;NA
101;Bromus hordeaceus s. hordeaceus;Bromus;hordeaceus s. hordeaceus;NA;FALSE;101;Bromus hordeaceus s. hordeaceus;NA
102;Bromus lepidus;Bromus;lepidus;NA;FALSE;102;Bromus lepidus;NA
103;Bromus racemosus;Bromus;racemosus;NA;FALSE;103;Bromus racemosus;NA
104;Bromus sp.;Bromus;sp.;NA;FALSE;104;Bromus sp.;NA
105;Bryoerythrophyllum ferruginascens;Bryoerythrophyllum;ferruginascens;NA;FALSE;105;Bryoerythrophyllum ferruginascens;NA
106;Bryoerythrophyllum recurvirostrum;Bryoerythrophyllum;recurvirostrum;NA;FALSE;106;Bryoerythrophyllum recurvirostrum;NA
107;Bryum argenteum;Bryum;argenteum;NA;FALSE;107;Bryum argenteum;NA
108;Bryum capillare;Bryum;capillare;NA;FALSE;108;Bryum capillare;NA
109;Bryum capillare;Bryum;capillare;NA;FALSE;109;Bryum capillare;NA
110;Bryum klinggraeffii;Bryum;klinggraeffii;NA;FALSE;110;Bryum klinggraeffii;NA
111;Bryum pallens;Bryum;pallens;NA;FALSE;111;Bryum pallens;NA
112;Bryum pseudotriquetrum;Bryum;pseudotriquetrum;NA;FALSE;112;Bryum pseudotriquetrum;NA
113;Bryum pseudotriquetrum;Bryum;pseudotriquetrum;NA;FALSE;113;Bryum pseudotriquetrum;NA
114;Bryum radiculosum;Bryum;radiculosum;NA;FALSE;114;Bryum radiculosum;NA
115;Bryum rubens;Bryum;rubens;NA;FALSE;115;Bryum rubens;NA
116;Bryum ruderale;Bryum;ruderale;NA;FALSE;116;Bryum ruderale;NA
117;Bryum sauteri;Bryum;sauteri;NA;FALSE;117;Bryum sauteri;NA
118;Bryum sp.;Bryum;sp.;NA;FALSE;118;Bryum sp.;NA
119;Bryum subapiculatum;Bryum;subapiculatum;NA;FALSE;119;Bryum subapiculatum;NA
120;Calliergon cordifolium;Calliergon;cordifolium;NA;FALSE;120;Calliergon cordifolium;NA
121;Calliergon giganteum;Calliergon;giganteum;NA;FALSE;121;Calliergon giganteum;NA
122;Calliergon stramineum;Calliergon;stramineum;NA;FALSE;122;Calliergon stramineum;NA
123;Calliergonella cuspidata;Calliergonella;cuspidata;NA;FALSE;123;Calliergonella cuspidata;NA
124;Callitriche hamulata;Callitriche;hamulata;NA;FALSE;124;Callitriche hamulata;NA
125;Callitriche platycarpa;Callitriche;platycarpa;NA;FALSE;125;Callitriche platycarpa;NA
126;Callitriche sp.;Callitriche;sp.;NA;FALSE;126;Callitriche sp.;NA
127;Callitriche stagnalis;Callitriche;stagnalis;NA;FALSE;127;Callitriche stagnalis;NA
128;Calluna vulgaris;Calluna;vulgaris;NA;FALSE;128;Calluna vulgaris;NA
129;Caltha palustris;Caltha;palustris;NA;FALSE;129;Caltha palustris;NA
130;Calypogeia arguta;Calypogeia;arguta;NA;FALSE;130;Calypogeia arguta;NA
131;Calypogeia fissa;Calypogeia;fissa;NA;FALSE;131;Calypogeia fissa;NA
132;Calypogeia muelleriana;Calypogeia;muelleriana;NA;FALSE;132;Calypogeia muelleriana;NA
133;Calypogeia sp.;Calypogeia;sp.;NA;FALSE;133;Calypogeia sp.;NA
134;Calystegia sepium;Calystegia;sepium;NA;FALSE;134;Calystegia sepium;NA
135;Campanula rotundifolia;Campanula;rotundifolia;NA;FALSE;135;Campanula rotundifolia;NA
136;Campyliadelphus chrysophyllus;Campyliadelphus;chrysophyllus;NA;FALSE;136;Campyliadelphus chrysophyllus;NA
137;Campylium sp.;Campylium;sp.;NA;FALSE;137;Campylium sp.;NA
138;Campylium stellatum;Campylium;stellatum;NA;FALSE;138;Campylium stellatum;NA
139;Campylium stellatum;Campylium;stellatum;NA;FALSE;139;Campylium stellatum;NA
140;Campylopus atrovirens;Campylopus;atrovirens;NA;FALSE;140;Campylopus atrovirens;NA
141;Campylopus brevipilus;Campylopus;brevipilus;NA;FALSE;141;Campylopus brevipilus;NA
142;Campylopus flexuosus;Campylopus;flexuosus;NA;FALSE;142;Campylopus flexuosus;NA
143;Campylopus fragilis;Campylopus;fragilis;NA;FALSE;143;Campylopus fragilis;NA
144;Campylopus introflexus;Campylopus;introflexus;NA;FALSE;144;Campylopus introflexus;NA
145;Campylopus pyriformis;Campylopus;pyriformis;NA;FALSE;145;Campylopus pyriformis;NA
146;Campylopus setifolius;Campylopus;setifolius;NA;FALSE;146;Campylopus setifolius;NA
147;Campylopus sp.;Campylopus;sp.;NA;FALSE;147;Campylopus sp.;NA
148;Campylopus subulatus;Campylopus;subulatus;NA;FALSE;148;Campylopus subulatus;NA
149;Cardamine flexuosa;Cardamine;flexuosa;NA;FALSE;149;Cardamine flexuosa;NA
150;Cardamine hirsuta;Cardamine;hirsuta;NA;FALSE;150;Cardamine hirsuta;NA
151;Cardamine pratensis;Cardamine;pratensis;NA;FALSE;151;Cardamine pratensis;NA
152;Cardamine sp.;Cardamine;sp.;NA;FALSE;152;Cardamine sp.;NA
153;Carex acuta;Carex;acuta;NA;FALSE;153;Carex acuta;NA
154;Carex acutiformis;Carex;acutiformis;NA;FALSE;154;Carex acutiformis;NA
155;Carex aquatilis;Carex;aquatilis;NA;FALSE;155;Carex aquatilis;NA
156;Carex arenaria;Carex;arenaria;NA;FALSE;156;Carex arenaria;NA
157;Carex binervis;Carex;binervis;NA;FALSE;157;Carex binervis;NA
158;Carex canescens;Carex;canescens;NA;FALSE;158;Carex canescens;NA
159;Carex caryophyllea;Carex;caryophyllea;NA;FALSE;159;Carex caryophyllea;NA
160;Carex diandra;Carex;diandra;NA;FALSE;160;Carex diandra;NA
161;Carex dioica;Carex;dioica;NA;FALSE;161;Carex dioica;NA
162;Carex distans;Carex;distans;NA;FALSE;162;Carex distans;NA
163;Carex disticha;Carex;disticha;NA;FALSE;163;Carex disticha;NA
164;Carex divulsa;Carex;divulsa;NA;FALSE;164;Carex divulsa;NA
165;Carex echinata;Carex;echinata;NA;FALSE;165;Carex echinata;NA
166;Carex elata;Carex;elata;NA;FALSE;166;Carex elata;NA
167;Carex flacca;Carex;flacca;NA;FALSE;167;Carex flacca;NA
168;Carex hirta;Carex;hirta;NA;FALSE;168;Carex hirta;NA
169;Carex hostiana;Carex;hostiana;NA;FALSE;169;Carex hostiana;NA
170;Carex laevigata;Carex;laevigata;NA;FALSE;170;Carex laevigata;NA
171;Carex leporina;Carex;leporina;NA;FALSE;171;Carex leporina;NA
172;Carex nigra;Carex;nigra;NA;FALSE;172;Carex nigra;NA
173;Carex otrubae;Carex;otrubae;NA;FALSE;173;Carex otrubae;NA
174;Carex pallescens;Carex;pallescens;NA;FALSE;174;Carex pallescens;NA
175;Carex panicea;Carex;panicea;NA;FALSE;175;Carex panicea;NA
176;Carex paniculata;Carex;paniculata;NA;FALSE;176;Carex paniculata;NA
177;Carex pilulifera;Carex;pilulifera;NA;FALSE;177;Carex pilulifera;NA
178;Carex pseudocyperus;Carex;pseudocyperus;NA;FALSE;178;Carex pseudocyperus;NA
179;Carex pulicaris;Carex;pulicaris;NA;FALSE;179;Carex pulicaris;NA
180;Carex remota;Carex;remota;NA;FALSE;180;Carex remota;NA
181;Carex riparia;Carex;riparia;NA;FALSE;181;Carex riparia;NA
182;Carex rostrata;Carex;rostrata;NA;FALSE;182;Carex rostrata;NA
183;Carex sp.;Carex;sp.;NA;FALSE;183;Carex sp.;NA
184;Carex vesicaria;Carex;vesicaria;NA;FALSE;184;Carex vesicaria;NA
185;Carex viridula;Carex;viridula;NA;FALSE;185;Carex viridula;NA
186;Carex viridula s. brachyrrhyncha;Carex;viridula s. brachyrrhyncha;NA;FALSE;186;Carex viridula s. brachyrrhyncha;NA
187;Carex viridula s. oedocarpa;Carex;viridula s. oedocarpa;NA;FALSE;187;Carex viridula s. oedocarpa;NA
188;Carex viridula s. viridula;Carex;viridula s. viridula;NA;FALSE;188;Carex viridula s. viridula;NA
189;Carex x;Carex;x;NA;FALSE;189;Carex x;NA
190;Carlina vulgaris;Carlina;vulgaris;NA;FALSE;190;Carlina vulgaris;NA
191;Carum verticillatum;Carum;verticillatum;NA;FALSE;191;Carum verticillatum;NA
192;Catapodium rigidum;Catapodium;rigidum;NA;FALSE;192;Catapodium rigidum;NA
193;Centaurea nigra;Centaurea;nigra;NA;FALSE;193;Centaurea nigra;NA
194;Centaurea scabiosa;Centaurea;scabiosa;NA;FALSE;194;Centaurea scabiosa;NA
195;Centaurium erythraea;Centaurium;erythraea;NA;FALSE;195;Centaurium erythraea;NA
196;Cephalozia bicuspidata;Cephalozia;bicuspidata;NA;FALSE;196;Cephalozia bicuspidata;NA
197;Cephalozia sp.;Cephalozia;sp.;NA;FALSE;197;Cephalozia sp.;NA
198;Cephaloziella divaricata;Cephaloziella;divaricata;NA;FALSE;198;Cephaloziella divaricata;NA
199;Cephaloziella hampeana;Cephaloziella;hampeana;NA;FALSE;199;Cephaloziella hampeana;NA
200;Cephaloziella rubella;Cephaloziella;rubella;NA;FALSE;200;Cephaloziella rubella;NA
201;Cephaloziella sp.;Cephaloziella;sp.;NA;FALSE;201;Cephaloziella sp.;NA
202;Cerastium arvense;Cerastium;arvense;NA;FALSE;202;Cerastium arvense;NA
203;Cerastium fontanum;Cerastium;fontanum;NA;FALSE;203;Cerastium fontanum;NA
204;Cerastium glomeratum;Cerastium;glomeratum;NA;FALSE;204;Cerastium glomeratum;NA
205;Ceratodon purpureus;Ceratodon;purpureus;NA;FALSE;205;Ceratodon purpureus;NA
206;Chamaemelum nobile;Chamaemelum;nobile;NA;FALSE;206;Chamaemelum nobile;NA
207;Chamerion angustifolium;Chamerion;angustifolium;NA;FALSE;207;Chamerion angustifolium;NA
208;Chiloscyphus pallescens;Chiloscyphus;pallescens;NA;FALSE;208;Chiloscyphus pallescens;NA
209;Chiloscyphus polyanthos;Chiloscyphus;polyanthos;NA;FALSE;209;Chiloscyphus polyanthos;NA
210;Chrysosplenium oppositifolium;Chrysosplenium;oppositifolium;NA;FALSE;210;Chrysosplenium oppositifolium;NA
211;Cicuta virosa;Cicuta;virosa;NA;FALSE;211;Cicuta virosa;NA
212;Cinclidotus fontinaloides;Cinclidotus;fontinaloides;NA;FALSE;212;Cinclidotus fontinaloides;NA
213;Cirriphyllum piliferum;Cirriphyllum;piliferum;NA;FALSE;213;Cirriphyllum piliferum;NA
214;Cirsium arvense;Cirsium;arvense;NA;FALSE;214;Cirsium arvense;NA
215;Cirsium dissectum;Cirsium;dissectum;NA;FALSE;215;Cirsium dissectum;NA
216;Cirsium palustre;Cirsium;palustre;NA;FALSE;216;Cirsium palustre;NA
217;Cirsium vulgare;Cirsium;vulgare;NA;FALSE;217;Cirsium vulgare;NA
218;Cladonia asahinae;Cladonia;asahinae;NA;FALSE;218;Cladonia asahinae;NA
219;Cladonia coniocraea;Cladonia;coniocraea;NA;FALSE;219;Cladonia coniocraea;NA
220;Cladonia fimbriata;Cladonia;fimbriata;NA;FALSE;220;Cladonia fimbriata;NA
221;Cladonia furcata;Cladonia;furcata;NA;FALSE;221;Cladonia furcata;NA
222;Cladonia humilis;Cladonia;humilis;NA;FALSE;222;Cladonia humilis;NA
223;Cladonia pocillum;Cladonia;pocillum;NA;FALSE;223;Cladonia pocillum;NA
224;Cladonia portentosa;Cladonia;portentosa;NA;FALSE;224;Cladonia portentosa;NA
225;Cladonia pyxidata;Cladonia;pyxidata;NA;FALSE;225;Cladonia pyxidata;NA
226;Cladonia rangiformis;Cladonia;rangiformis;NA;FALSE;226;Cladonia rangiformis;NA
227;Cladonia sp.;Cladonia;sp.;NA;FALSE;227;Cladonia sp.;NA
228;Climacium dendroides;Climacium;dendroides;NA;FALSE;228;Climacium dendroides;NA
229;Cochlearia danica;Cochlearia;danica;NA;FALSE;229;Cochlearia danica;NA
230;Cochlearia officinalis;Cochlearia;officinalis;NA;FALSE;230;Cochlearia officinalis;NA
231;Cochlearia sp.;Cochlearia;sp.;NA;FALSE;231;Cochlearia sp.;NA
232;Coeloglossum viride;Coeloglossum;viride;NA;FALSE;232;Coeloglossum viride;NA
233;Colchicum autumnale;Colchicum;autumnale;NA;FALSE;233;Colchicum autumnale;NA
234;Collema auriforme;Collema;auriforme;NA;FALSE;234;Collema auriforme;NA
235;Conocephalum conicum;Conocephalum;conicum;NA;FALSE;235;Conocephalum conicum;NA
236;Conopodium majus;Conopodium;majus;NA;FALSE;236;Conopodium majus;NA
237;Convolvulus arvensis;Convolvulus;arvensis;NA;FALSE;237;Convolvulus arvensis;NA
238;Corylus avellana;Corylus;avellana;NA;FALSE;238;Corylus avellana;NA
239;Cotoneaster integrifolius;Cotoneaster;integrifolius;NA;FALSE;239;Cotoneaster integrifolius;NA
240;Cotoneaster sp.;Cotoneaster;sp.;NA;FALSE;240;Cotoneaster sp.;NA
241;Crataegus monogyna;Crataegus;monogyna;NA;FALSE;241;Crataegus monogyna;NA
242;Cratoneuron filicinum;Cratoneuron;filicinum;NA;FALSE;242;Cratoneuron filicinum;NA
243;Crepis biennis;Crepis;biennis;NA;FALSE;243;Crepis biennis;NA
244;Crepis capillaris;Crepis;capillaris;NA;FALSE;244;Crepis capillaris;NA
245;Crepis paludosa;Crepis;paludosa;NA;FALSE;245;Crepis paludosa;NA
246;Crepis sp.;Crepis;sp.;NA;FALSE;246;Crepis sp.;NA
247;Crepis vesicaria;Crepis;vesicaria;NA;FALSE;247;Crepis vesicaria;NA
248;Crocosmia x;Crocosmia;x;NA;FALSE;248;Crocosmia x;NA
249;Ctenidium molluscum;Ctenidium;molluscum;NA;FALSE;249;Ctenidium molluscum;NA
250;Cuscuta epithymum;Cuscuta;epithymum;NA;FALSE;250;Cuscuta epithymum;NA
251;Cynosurus cristatus;Cynosurus;cristatus;NA;FALSE;251;Cynosurus cristatus;NA
252;Cyperus longus;Cyperus;longus;NA;FALSE;252;Cyperus longus;NA
253;Cystopteris fragilis;Cystopteris;fragilis;NA;FALSE;253;Cystopteris fragilis;NA
254;Cytisus scoparius;Cytisus;scoparius;NA;FALSE;254;Cytisus scoparius;NA
255;Dactylis glomerata;Dactylis;glomerata;NA;FALSE;255;Dactylis glomerata;NA
256;Dactylorhiza fuchsii;Dactylorhiza;fuchsii;NA;FALSE;256;Dactylorhiza fuchsii;NA
257;Dactylorhiza fuchsii;Dactylorhiza;fuchsii;NA;FALSE;257;Dactylorhiza fuchsii;NA
258;Dactylorhiza incarnata;Dactylorhiza;incarnata;NA;FALSE;258;Dactylorhiza incarnata;NA
259;Dactylorhiza kerryensis;Dactylorhiza;kerryensis;NA;FALSE;259;Dactylorhiza kerryensis;NA
260;Dactylorhiza maculata;Dactylorhiza;maculata;NA;FALSE;260;Dactylorhiza maculata;NA
261;Dactylorhiza purpurella;Dactylorhiza;purpurella;NA;FALSE;261;Dactylorhiza purpurella;NA
262;Dactylorhiza sp.;Dactylorhiza;sp.;NA;FALSE;262;Dactylorhiza sp.;NA
263;Danthonia decumbens;Danthonia;decumbens;NA;FALSE;263;Danthonia decumbens;NA
264;Daucus carota;Daucus;carota;NA;FALSE;264;Daucus carota;NA
265;Deschampsia cespitosa;Deschampsia;cespitosa;NA;FALSE;265;Deschampsia cespitosa;NA
266;Deschampsia flexuosa;Deschampsia;flexuosa;NA;FALSE;266;Deschampsia flexuosa;NA
267;Dichodontium pellucidum;Dichodontium;pellucidum;NA;FALSE;267;Dichodontium pellucidum;NA
268;Dicranella heteromalla;Dicranella;heteromalla;NA;FALSE;268;Dicranella heteromalla;NA
269;Dicranella palustris;Dicranella;palustris;NA;FALSE;269;Dicranella palustris;NA
270;Dicranella rufescens;Dicranella;rufescens;NA;FALSE;270;Dicranella rufescens;NA
271;Dicranella schreberiana;Dicranella;schreberiana;NA;FALSE;271;Dicranella schreberiana;NA
272;Dicranella sp.;Dicranella;sp.;NA;FALSE;272;Dicranella sp.;NA
273;Dicranella staphylina;Dicranella;staphylina;NA;FALSE;273;Dicranella staphylina;NA
274;Dicranella varia;Dicranella;varia;NA;FALSE;274;Dicranella varia;NA
275;Dicranum bonjeanii;Dicranum;bonjeanii;NA;FALSE;275;Dicranum bonjeanii;NA
276;Dicranum scoparium;Dicranum;scoparium;NA;FALSE;276;Dicranum scoparium;NA
277;Dicranum sp.;Dicranum;sp.;NA;FALSE;277;Dicranum sp.;NA
278;Didymodon fallax;Didymodon;fallax;NA;FALSE;278;Didymodon fallax;NA
279;Didymodon ferrugineus;Didymodon;ferrugineus;NA;FALSE;279;Didymodon ferrugineus;NA
280;Didymodon insulanus;Didymodon;insulanus;NA;FALSE;280;Didymodon insulanus;NA
281;Didymodon nicholsonii;Didymodon;nicholsonii;NA;FALSE;281;Didymodon nicholsonii;NA
282;Didymodon rigidulus;Didymodon;rigidulus;NA;FALSE;282;Didymodon rigidulus;NA
283;Didymodon sinuosus;Didymodon;sinuosus;NA;FALSE;283;Didymodon sinuosus;NA
284;Didymodon spadiceus;Didymodon;spadiceus;NA;FALSE;284;Didymodon spadiceus;NA
285;Didymodon sp.;Didymodon;sp.;NA;FALSE;285;Didymodon sp.;NA
286;Didymodon vinealis;Didymodon;vinealis;NA;FALSE;286;Didymodon vinealis;NA
287;Digitalis purpurea;Digitalis;purpurea;NA;FALSE;287;Digitalis purpurea;NA
288;Dimerella pineti;Dimerella;pineti;NA;FALSE;288;Dimerella pineti;NA
289;Diplophyllum albicans;Diplophyllum;albicans;NA;FALSE;289;Diplophyllum albicans;NA
290;Ditrichum cylindricum;Ditrichum;cylindricum;NA;FALSE;290;Ditrichum cylindricum;NA
291;Ditrichum gracile;Ditrichum;gracile;NA;FALSE;291;Ditrichum gracile;NA
292;Ditrichum heteromallum;Ditrichum;heteromallum;NA;FALSE;292;Ditrichum heteromallum;NA
293;Draba sp.;Draba;sp.;NA;FALSE;293;Draba sp.;NA
294;Drepanocladus aduncus;Drepanocladus;aduncus;NA;FALSE;294;Drepanocladus aduncus;NA
295;Drepanocladus cossonii;Drepanocladus;cossonii;NA;FALSE;295;Drepanocladus cossonii;NA
296;Drepanocladus polygamus;Drepanocladus;polygamus;NA;FALSE;296;Drepanocladus polygamus;NA
297;Drepanocladus revolvens;Drepanocladus;revolvens;NA;FALSE;297;Drepanocladus revolvens;NA
298;Dryas octopetala;Dryas;octopetala;NA;FALSE;298;Dryas octopetala;NA
299;Dryopteris carthusiana;Dryopteris;carthusiana;NA;FALSE;299;Dryopteris carthusiana;NA
300;Dryopteris dilatata;Dryopteris;dilatata;NA;FALSE;300;Dryopteris dilatata;NA
301;Dryopteris filix-mas;Dryopteris;filix-mas;NA;FALSE;301;Dryopteris filix-mas;NA
302;Dryopteris sp.;Dryopteris;sp.;NA;FALSE;302;Dryopteris sp.;NA
303;Eleocharis multicaulis;Eleocharis;multicaulis;NA;FALSE;303;Eleocharis multicaulis;NA
304;Eleocharis palustris;Eleocharis;palustris;NA;FALSE;304;Eleocharis palustris;NA
305;Eleocharis quinqueflora;Eleocharis;quinqueflora;NA;FALSE;305;Eleocharis quinqueflora;NA
306;Eleocharis sp.;Eleocharis;sp.;NA;FALSE;306;Eleocharis sp.;NA
307;Eleocharis uniglumis;Eleocharis;uniglumis;NA;FALSE;307;Eleocharis uniglumis;NA
308;Elytrigia juncea;Elytrigia;juncea;NA;FALSE;308;Elytrigia juncea;NA
309;Elytrigia repens;Elytrigia;repens;NA;FALSE;309;Elytrigia repens;NA
310;Empetrum nigrum;Empetrum;nigrum;NA;FALSE;310;Empetrum nigrum;NA
311;Encalypta streptocarpa;Encalypta;streptocarpa;NA;FALSE;311;Encalypta streptocarpa;NA
312;Entodon concinnus;Entodon;concinnus;NA;FALSE;312;Entodon concinnus;NA
313;Entosthodon attenuatus;Entosthodon;attenuatus;NA;FALSE;313;Entosthodon attenuatus;NA
314;Entosthodon obtusus;Entosthodon;obtusus;NA;FALSE;314;Entosthodon obtusus;NA
315;Ephemerum minutissimum;Ephemerum;minutissimum;NA;FALSE;315;Ephemerum minutissimum;NA
316;Epilobium brunnescens;Epilobium;brunnescens;NA;FALSE;316;Epilobium brunnescens;NA
317;Epilobium ciliatum;Epilobium;ciliatum;NA;FALSE;317;Epilobium ciliatum;NA
318;Epilobium hirsutum;Epilobium;hirsutum;NA;FALSE;318;Epilobium hirsutum;NA
319;Epilobium montanum;Epilobium;montanum;NA;FALSE;319;Epilobium montanum;NA
320;Epilobium obscurum;Epilobium;obscurum;NA;FALSE;320;Epilobium obscurum;NA
321;Epilobium palustre;Epilobium;palustre;NA;FALSE;321;Epilobium palustre;NA
322;Epilobium parviflorum;Epilobium;parviflorum;NA;FALSE;322;Epilobium parviflorum;NA
323;Epilobium sp.;Epilobium;sp.;NA;FALSE;323;Epilobium sp.;NA
324;Epipactis palustris;Epipactis;palustris;NA;FALSE;324;Epipactis palustris;NA
325;Epipactis sp.;Epipactis;sp.;NA;FALSE;325;Epipactis sp.;NA
326;Equisetum arvense;Equisetum;arvense;NA;FALSE;326;Equisetum arvense;NA
327;Equisetum fluviatile;Equisetum;fluviatile;NA;FALSE;327;Equisetum fluviatile;NA
328;Equisetum palustre;Equisetum;palustre;NA;FALSE;328;Equisetum palustre;NA
329;Equisetum sp.;Equisetum;sp.;NA;FALSE;329;Equisetum sp.;NA
330;Equisetum sylvaticum;Equisetum;sylvaticum;NA;FALSE;330;Equisetum sylvaticum;NA
331;Equisetum telmateia;Equisetum;telmateia;NA;FALSE;331;Equisetum telmateia;NA
332;Equisetum variegatum;Equisetum;variegatum;NA;FALSE;332;Equisetum variegatum;NA
333;Equisetum x;Equisetum;x;NA;FALSE;333;Equisetum x;NA
334;Erica cinerea;Erica;cinerea;NA;FALSE;334;Erica cinerea;NA
335;Erica tetralix;Erica;tetralix;NA;FALSE;335;Erica tetralix;NA
336;Eriophorum angustifolium;Eriophorum;angustifolium;NA;FALSE;336;Eriophorum angustifolium;NA
337;Eriophorum sp.;Eriophorum;sp.;NA;FALSE;337;Eriophorum sp.;NA
338;Eriophorum vaginatum;Eriophorum;vaginatum;NA;FALSE;338;Eriophorum vaginatum;NA
339;Erodium cicutarium;Erodium;cicutarium;NA;FALSE;339;Erodium cicutarium;NA
340;Erophila verna;Erophila;verna;NA;FALSE;340;Erophila verna;NA
341;Euonymus europaeus;Euonymus;europaeus;NA;FALSE;341;Euonymus europaeus;NA
342;Eupatorium cannabinum;Eupatorium;cannabinum;NA;FALSE;342;Eupatorium cannabinum;NA
343;Euphrasia anglica;Euphrasia;anglica;NA;FALSE;343;Euphrasia anglica;NA
344;Euphrasia arctica;Euphrasia;arctica;NA;FALSE;344;Euphrasia arctica;NA
345;Euphrasia confusa;Euphrasia;confusa;NA;FALSE;345;Euphrasia confusa;NA
346;Euphrasia micrantha;Euphrasia;micrantha;NA;FALSE;346;Euphrasia micrantha;NA
347;Euphrasia nemorosa;Euphrasia;nemorosa;NA;FALSE;347;Euphrasia nemorosa;NA
348;Euphrasia officinalis;Euphrasia;officinalis;NA;FALSE;348;Euphrasia officinalis;NA
349;Euphrasia rostkoviana;Euphrasia;rostkoviana;NA;FALSE;349;Euphrasia rostkoviana;NA
350;Euphrasia salisburgensis;Euphrasia;salisburgensis;NA;FALSE;350;Euphrasia salisburgensis;NA
351;Euphrasia tetraquetra;Euphrasia;tetraquetra;NA;FALSE;351;Euphrasia tetraquetra;NA
352;Eurhynchium hians;Eurhynchium;hians;NA;FALSE;352;Eurhynchium hians;NA
353;Eurhynchium sp.;Eurhynchium;sp.;NA;FALSE;353;Eurhynchium sp.;NA
354;Eurhynchium speciosum;Eurhynchium;speciosum;NA;FALSE;354;Eurhynchium speciosum;NA
355;Eurhynchium striatum;Eurhynchium;striatum;NA;FALSE;355;Eurhynchium striatum;NA
356;Fagus sylvatica;Fagus;sylvatica;NA;FALSE;356;Fagus sylvatica;NA
357;Festuca altissima;Festuca;altissima;NA;FALSE;357;Festuca altissima;NA
358;Festuca arundinacea;Festuca;arundinacea;NA;FALSE;358;Festuca arundinacea;NA
359;Festuca gigantea;Festuca;gigantea;NA;FALSE;359;Festuca gigantea;NA
360;Festuca ovina;Festuca;ovina;NA;FALSE;360;Festuca ovina;NA
361;Festuca pratensis;Festuca;pratensis;NA;FALSE;361;Festuca pratensis;NA
362;Festuca rubra;Festuca;rubra;NA;FALSE;362;Festuca rubra;NA
363;Festuca sp.;Festuca;sp.;NA;FALSE;363;Festuca sp.;NA
364;Festuca vivipara;Festuca;vivipara;NA;FALSE;364;Festuca vivipara;NA
365;Festulolium loliaceum;Festulolium;loliaceum;NA;FALSE;365;Festulolium loliaceum;NA
366;Filipendula ulmaria;Filipendula;ulmaria;NA;FALSE;366;Filipendula ulmaria;NA
367;Filipendula vulgaris;Filipendula;vulgaris;NA;FALSE;367;Filipendula vulgaris;NA
368;Fissidens adianthoides;Fissidens;adianthoides;NA;FALSE;368;Fissidens adianthoides;NA
369;Fissidens bryoides;Fissidens;bryoides;NA;FALSE;369;Fissidens bryoides;NA
370;Fissidens dubius;Fissidens;dubius;NA;FALSE;370;Fissidens dubius;NA
371;Fissidens exilis;Fissidens;exilis;NA;FALSE;371;Fissidens exilis;NA
372;Fissidens osmundoides;Fissidens;osmundoides;NA;FALSE;372;Fissidens osmundoides;NA
373;Fissidens sp.;Fissidens;sp.;NA;FALSE;373;Fissidens sp.;NA
374;Fissidens taxifolius;Fissidens;taxifolius;NA;FALSE;374;Fissidens taxifolius;NA
375;Fissidens viridulus;Fissidens;viridulus;NA;FALSE;375;Fissidens viridulus;NA
376;Fontinalis antipyretica;Fontinalis;antipyretica;NA;FALSE;376;Fontinalis antipyretica;NA
377;Fossombronia husnotii;Fossombronia;husnotii;NA;FALSE;377;Fossombronia husnotii;NA
378;Fossombronia sp.;Fossombronia;sp.;NA;FALSE;378;Fossombronia sp.;NA
379;Fragaria vesca;Fragaria;vesca;NA;FALSE;379;Fragaria vesca;NA
380;Fraxinus excelsior;Fraxinus;excelsior;NA;FALSE;380;Fraxinus excelsior;NA
381;Frullania dilatata;Frullania;dilatata;NA;FALSE;381;Frullania dilatata;NA
382;Frullania tamarisci;Frullania;tamarisci;NA;FALSE;382;Frullania tamarisci;NA
383;Fumaria sp.;Fumaria;sp.;NA;FALSE;383;Fumaria sp.;NA
384;Funaria hygrometrica;Funaria;hygrometrica;NA;FALSE;384;Funaria hygrometrica;NA
385;Galeopsis tetrahit;Galeopsis;tetrahit;NA;FALSE;385;Galeopsis tetrahit;NA
386;Galium aparine;Galium;aparine;NA;FALSE;386;Galium aparine;NA
387;Galium boreale;Galium;boreale;NA;FALSE;387;Galium boreale;NA
388;Galium palustre;Galium;palustre;NA;FALSE;388;Galium palustre;NA
389;Galium saxatile;Galium;saxatile;NA;FALSE;389;Galium saxatile;NA
390;Galium sp.;Galium;sp.;NA;FALSE;390;Galium sp.;NA
391;Galium sterneri;Galium;sterneri;NA;FALSE;391;Galium sterneri;NA
392;Galium uliginosum;Galium;uliginosum;NA;FALSE;392;Galium uliginosum;NA
393;Galium verum;Galium;verum;NA;FALSE;393;Galium verum;NA
394;Gentiana verna;Gentiana;verna;NA;FALSE;394;Gentiana verna;NA
395;Gentianella amarella;Gentianella;amarella;NA;FALSE;395;Gentianella amarella;NA
396;Gentianella campestris;Gentianella;campestris;NA;FALSE;396;Gentianella campestris;NA
397;Geranium dissectum;Geranium;dissectum;NA;FALSE;397;Geranium dissectum;NA
398;Geranium molle;Geranium;molle;NA;FALSE;398;Geranium molle;NA
399;Geranium sanguineum;Geranium;sanguineum;NA;FALSE;399;Geranium sanguineum;NA
400;Geranium sp.;Geranium;sp.;NA;FALSE;400;Geranium sp.;NA
401;Geum rivale;Geum;rivale;NA;FALSE;401;Geum rivale;NA
402;Glaux maritima;Glaux;maritima;NA;FALSE;402;Glaux maritima;NA
403;Glechoma hederacea;Glechoma;hederacea;NA;FALSE;403;Glechoma hederacea;NA
404;Glyceria declinata;Glyceria;declinata;NA;FALSE;404;Glyceria declinata;NA
405;Glyceria fluitans;Glyceria;fluitans;NA;FALSE;405;Glyceria fluitans;NA
406;Glyceria maxima;Glyceria;maxima;NA;FALSE;406;Glyceria maxima;NA
407;Glyceria notata;Glyceria;notata;NA;FALSE;407;Glyceria notata;NA
408;Glyceria sp.;Glyceria;sp.;NA;FALSE;408;Glyceria sp.;NA
409;Glyceria x;Glyceria;x;NA;FALSE;409;Glyceria x;NA
410;Gnaphalium uliginosum;Gnaphalium;uliginosum;NA;FALSE;410;Gnaphalium uliginosum;NA
411;Grimmia pulvinata;Grimmia;pulvinata;NA;FALSE;411;Grimmia pulvinata;NA
412;Gymnadenia conopsea;Gymnadenia;conopsea;NA;FALSE;412;Gymnadenia conopsea;NA
413;Gymnadenia conopsea s. conopsea;Gymnadenia;conopsea s. conopsea;NA;FALSE;413;Gymnadenia conopsea s. conopsea;NA
414;Gymnadenia conopsea s. densiflora;Gymnadenia;conopsea s. densiflora;NA;FALSE;414;Gymnadenia conopsea s. densiflora;NA
415;Gymnocolea inflata;Gymnocolea;inflata;NA;FALSE;415;Gymnocolea inflata;NA
416;Gymnomitrion crenulatum;Gymnomitrion;crenulatum;NA;FALSE;416;Gymnomitrion crenulatum;NA
417;Hamatocaulis vernicosus;Hamatocaulis;vernicosus;NA;FALSE;417;Hamatocaulis vernicosus;NA
418;Harpalejeunea molleri;Harpalejeunea;molleri;NA;FALSE;418;Harpalejeunea molleri;NA
419;Hedera helix;Hedera;helix;NA;FALSE;419;Hedera helix;NA
420;Helianthemum oelandicum s. piloselloides;Helianthemum;oelandicum s. piloselloides;NA;FALSE;420;Helianthemum oelandicum s. piloselloides;NA
421;Helictotrichon pubescens;Helictotrichon;pubescens;NA;FALSE;421;Helictotrichon pubescens;NA
422;Hennediella heimii;Hennediella;heimii;NA;FALSE;422;Hennediella heimii;NA
423;Heracleum sphondylium;Heracleum;sphondylium;NA;FALSE;423;Heracleum sphondylium;NA
424;Herbertus aduncus;Herbertus;aduncus;NA;FALSE;424;Herbertus aduncus;NA
425;Heterocladium heteropterum;Heterocladium;heteropterum;NA;FALSE;425;Heterocladium heteropterum;NA
426;Hieracium sp.;Hieracium;sp.;NA;FALSE;426;Hieracium sp.;NA
427;Hippuris vulgaris;Hippuris;vulgaris;NA;FALSE;427;Hippuris vulgaris;NA
428;Holcus lanatus;Holcus;lanatus;NA;FALSE;428;Holcus lanatus;NA
429;Holcus mollis;Holcus;mollis;NA;FALSE;429;Holcus mollis;NA
430;Homalothecium lutescens;Homalothecium;lutescens;NA;FALSE;430;Homalothecium lutescens;NA
431;Homalothecium sericeum;Homalothecium;sericeum;NA;FALSE;431;Homalothecium sericeum;NA
432;Homalothecium sp.;Homalothecium;sp.;NA;FALSE;432;Homalothecium sp.;NA
433;Hookeria lucens;Hookeria;lucens;NA;FALSE;433;Hookeria lucens;NA
434;Hordeum secalinum;Hordeum;secalinum;NA;FALSE;434;Hordeum secalinum;NA
435;Huperzia selago;Huperzia;selago;NA;FALSE;435;Huperzia selago;NA
436;Hyacinthoides non-scripta;Hyacinthoides;non-scripta;NA;FALSE;436;Hyacinthoides non-scripta;NA
437;Hydrocotyle vulgaris;Hydrocotyle;vulgaris;NA;FALSE;437;Hydrocotyle vulgaris;NA
438;Hylocomium brevirostre;Hylocomium;brevirostre;NA;FALSE;438;Hylocomium brevirostre;NA
439;Hylocomium splendens;Hylocomium;splendens;NA;FALSE;439;Hylocomium splendens;NA
440;Hymenophyllum wilsonii;Hymenophyllum;wilsonii;NA;FALSE;440;Hymenophyllum wilsonii;NA
441;Hyocomium armoricum;Hyocomium;armoricum;NA;FALSE;441;Hyocomium armoricum;NA
442;Hypericum elodes;Hypericum;elodes;NA;FALSE;442;Hypericum elodes;NA
443;Hypericum humifusum;Hypericum;humifusum;NA;FALSE;443;Hypericum humifusum;NA
444;Hypericum maculatum;Hypericum;maculatum;NA;FALSE;444;Hypericum maculatum;NA
445;Hypericum perforatum;Hypericum;perforatum;NA;FALSE;445;Hypericum perforatum;NA
446;Hypericum pulchrum;Hypericum;pulchrum;NA;FALSE;446;Hypericum pulchrum;NA
447;Hypericum sp.;Hypericum;sp.;NA;FALSE;447;Hypericum sp.;NA
448;Hypericum tetrapterum;Hypericum;tetrapterum;NA;FALSE;448;Hypericum tetrapterum;NA
449;Hypnum andoi;Hypnum;andoi;NA;FALSE;449;Hypnum andoi;NA
450;Hypnum cupressiforme;Hypnum;cupressiforme;NA;FALSE;450;Hypnum cupressiforme;NA
451;Hypnum jutlandicum;Hypnum;jutlandicum;NA;FALSE;451;Hypnum jutlandicum;NA
452;Hypnum lacunosum;Hypnum;lacunosum;NA;FALSE;452;Hypnum lacunosum;NA
453;Hypnum lindbergii;Hypnum;lindbergii;NA;FALSE;453;Hypnum lindbergii;NA
454;Hypnum resupinatum;Hypnum;resupinatum;NA;FALSE;454;Hypnum resupinatum;NA
455;Hypnum sp.;Hypnum;sp.;NA;FALSE;455;Hypnum sp.;NA
456;Hypochaeris radicata;Hypochaeris;radicata;NA;FALSE;456;Hypochaeris radicata;NA
457;Ilex aquifolium;Ilex;aquifolium;NA;FALSE;457;Ilex aquifolium;NA
458;Iris pseudacorus;Iris;pseudacorus;NA;FALSE;458;Iris pseudacorus;NA
459;Isolepis cernua;Isolepis;cernua;NA;FALSE;459;Isolepis cernua;NA
460;Isolepis setacea;Isolepis;setacea;NA;FALSE;460;Isolepis setacea;NA
461;Isolepis sp.;Isolepis;sp.;NA;FALSE;461;Isolepis sp.;NA
462;Isothecium alopecuroides;Isothecium;alopecuroides;NA;FALSE;462;Isothecium alopecuroides;NA
463;Isothecium myosuroides;Isothecium;myosuroides;NA;FALSE;463;Isothecium myosuroides;NA
464;Isothecium myosuroides;Isothecium;myosuroides;NA;FALSE;464;Isothecium myosuroides;NA
465;Jasione montana;Jasione;montana;NA;FALSE;465;Jasione montana;NA
466;Juncus acutiflorus;Juncus;acutiflorus;NA;FALSE;466;Juncus acutiflorus;NA
467;Juncus articulatus;Juncus;articulatus;NA;FALSE;467;Juncus articulatus;NA
468;Juncus bufonius;Juncus;bufonius;NA;FALSE;468;Juncus bufonius;NA
469;Juncus bulbosus;Juncus;bulbosus;NA;FALSE;469;Juncus bulbosus;NA
470;Juncus conglomeratus;Juncus;conglomeratus;NA;FALSE;470;Juncus conglomeratus;NA
471;Juncus effusus;Juncus;effusus;NA;FALSE;471;Juncus effusus;NA
472;Juncus gerardii;Juncus;gerardii;NA;FALSE;472;Juncus gerardii;NA
473;Juncus inflexus;Juncus;inflexus;NA;FALSE;473;Juncus inflexus;NA
474;Juncus maritimus;Juncus;maritimus;NA;FALSE;474;Juncus maritimus;NA
475;Juncus planifolius;Juncus;planifolius;NA;FALSE;475;Juncus planifolius;NA
476;Juncus sp.;Juncus;sp.;NA;FALSE;476;Juncus sp.;NA
477;Juncus squarrosus;Juncus;squarrosus;NA;FALSE;477;Juncus squarrosus;NA
478;Juncus subnodulosus;Juncus;subnodulosus;NA;FALSE;478;Juncus subnodulosus;NA
479;Juncus x;Juncus;x;NA;FALSE;479;Juncus x;NA
480;Jungermannia gracillima;Jungermannia;gracillima;NA;FALSE;480;Jungermannia gracillima;NA
481;Jungermannia hyalina;Jungermannia;hyalina;NA;FALSE;481;Jungermannia hyalina;NA
482;Jungermannia paroica;Jungermannia;paroica;NA;FALSE;482;Jungermannia paroica;NA
483;Jungermannia sp.;Jungermannia;sp.;NA;FALSE;483;Jungermannia sp.;NA
484;Juniperus communis;Juniperus;communis;NA;FALSE;484;Juniperus communis;NA
485;Juniperus communis s. communis;Juniperus;communis s. communis;NA;FALSE;485;Juniperus communis s. communis;NA
486;Kindbergia praelonga;Kindbergia;praelonga;NA;FALSE;486;Kindbergia praelonga;NA
487;Knautia arvensis;Knautia;arvensis;NA;FALSE;487;Knautia arvensis;NA
488;Koeleria macrantha;Koeleria;macrantha;NA;FALSE;488;Koeleria macrantha;NA
489;Lathyrus linifolius;Lathyrus;linifolius;NA;FALSE;489;Lathyrus linifolius;NA
490;Lathyrus palustris;Lathyrus;palustris;NA;FALSE;490;Lathyrus palustris;NA
491;Lathyrus pratensis;Lathyrus;pratensis;NA;FALSE;491;Lathyrus pratensis;NA
492;Lathyrus sp.;Lathyrus;sp.;NA;FALSE;492;Lathyrus sp.;NA
493;Leiocolea collaris;Leiocolea;collaris;NA;FALSE;493;Leiocolea collaris;NA
494;Lejeunea lamacerina;Lejeunea;lamacerina;NA;FALSE;494;Lejeunea lamacerina;NA
495;Lejeunea patens;Lejeunea;patens;NA;FALSE;495;Lejeunea patens;NA
496;Lemna minor;Lemna;minor;NA;FALSE;496;Lemna minor;NA
497;Lemna sp.;Lemna;sp.;NA;FALSE;497;Lemna sp.;NA
498;Lemna trisulca;Lemna;trisulca;NA;FALSE;498;Lemna trisulca;NA
499;Leontodon autumnalis;Leontodon;autumnalis;NA;FALSE;499;Leontodon autumnalis;NA
500;Leontodon hispidus;Leontodon;hispidus;NA;FALSE;500;Leontodon hispidus;NA
501;Leontodon saxatilis;Leontodon;saxatilis;NA;FALSE;501;Leontodon saxatilis;NA
502;Leontodon sp.;Leontodon;sp.;NA;FALSE;502;Leontodon sp.;NA
503;Lepidozia reptans;Lepidozia;reptans;NA;FALSE;503;Lepidozia reptans;NA
504;Leptodictyum riparium;Leptodictyum;riparium;NA;FALSE;504;Leptodictyum riparium;NA
505;Leucanthemum vulgare;Leucanthemum;vulgare;NA;FALSE;505;Leucanthemum vulgare;NA
506;Leucobryum glaucum;Leucobryum;glaucum;NA;FALSE;506;Leucobryum glaucum;NA
507;Linum catharticum;Linum;catharticum;NA;FALSE;507;Linum catharticum;NA
508;Listera ovata;Listera;ovata;NA;FALSE;508;Listera ovata;NA
509;Littorella uniflora;Littorella;uniflora;NA;FALSE;509;Littorella uniflora;NA
510;Lolium multiflorum;Lolium;multiflorum;NA;FALSE;510;Lolium multiflorum;NA
511;Lolium perenne;Lolium;perenne;NA;FALSE;511;Lolium perenne;NA
512;Lonicera periclymenum;Lonicera;periclymenum;NA;FALSE;512;Lonicera periclymenum;NA
513;Lophocolea bidentata;Lophocolea;bidentata;NA;FALSE;513;Lophocolea bidentata;NA
514;Lophocolea sp.;Lophocolea;sp.;NA;FALSE;514;Lophocolea sp.;NA
515;Lophozia incisa;Lophozia;incisa;NA;FALSE;515;Lophozia incisa;NA
516;Lophozia ventricosa;Lophozia;ventricosa;NA;FALSE;516;Lophozia ventricosa;NA
517;Lotus corniculatus;Lotus;corniculatus;NA;FALSE;517;Lotus corniculatus;NA
518;Lotus pedunculatus;Lotus;pedunculatus;NA;FALSE;518;Lotus pedunculatus;NA
519;Lunularia cruciata;Lunularia;cruciata;NA;FALSE;519;Lunularia cruciata;NA
520;Luzula campestris;Luzula;campestris;NA;FALSE;520;Luzula campestris;NA
521;Luzula multiflora;Luzula;multiflora;NA;FALSE;521;Luzula multiflora;NA
522;Luzula multiflora s. congesta;Luzula;multiflora s. congesta;NA;FALSE;522;Luzula multiflora s. congesta;NA
523;Luzula sp.;Luzula;sp.;NA;FALSE;523;Luzula sp.;NA
524;Luzula sylvatica;Luzula;sylvatica;NA;FALSE;524;Luzula sylvatica;NA
525;Lychnis flos-cuculi;Lychnis;flos-cuculi;NA;FALSE;525;Lychnis flos-cuculi;NA
526;Lycopus europaeus;Lycopus;europaeus;NA;FALSE;526;Lycopus europaeus;NA
527;Lysimachia nemorum;Lysimachia;nemorum;NA;FALSE;527;Lysimachia nemorum;NA
528;Lysimachia nummularia;Lysimachia;nummularia;NA;FALSE;528;Lysimachia nummularia;NA
529;Lysimachia vulgaris;Lysimachia;vulgaris;NA;FALSE;529;Lysimachia vulgaris;NA
530;Lythrum portula;Lythrum;portula;NA;FALSE;530;Lythrum portula;NA
531;Lythrum salicaria;Lythrum;salicaria;NA;FALSE;531;Lythrum salicaria;NA
532;Marchantia polymorpha s. polymorpha;Marchantia;polymorpha s. polymorpha;NA;FALSE;532;Marchantia polymorpha s. polymorpha;NA
533;Marsupella emarginata;Marsupella;emarginata;NA;FALSE;533;Marsupella emarginata;NA
534;Matricaria discoidea;Matricaria;discoidea;NA;FALSE;534;Matricaria discoidea;NA
535;Medicago lupulina;Medicago;lupulina;NA;FALSE;535;Medicago lupulina;NA
536;Mentha aquatica;Mentha;aquatica;NA;FALSE;536;Mentha aquatica;NA
537;Mentha sp.;Mentha;sp.;NA;FALSE;537;Mentha sp.;NA
538;Mentha x;Mentha;x;NA;FALSE;538;Mentha x;NA
539;Menyanthes trifoliata;Menyanthes;trifoliata;NA;FALSE;539;Menyanthes trifoliata;NA
540;Metzgeria furcata;Metzgeria;furcata;NA;FALSE;540;Metzgeria furcata;NA
541;Metzgeria leptoneura;Metzgeria;leptoneura;NA;FALSE;541;Metzgeria leptoneura;NA
542;Microbryum davallianum;Microbryum;davallianum;NA;FALSE;542;Microbryum davallianum;NA
543;Microbryum rectum;Microbryum;rectum;NA;FALSE;543;Microbryum rectum;NA
544;Milium effusum;Milium;effusum;NA;FALSE;544;Milium effusum;NA
545;Mnium hornum;Mnium;hornum;NA;FALSE;545;Mnium hornum;NA
546;Mnium sp.;Mnium;sp.;NA;FALSE;546;Mnium sp.;NA
547;Molinia caerulea;Molinia;caerulea;NA;FALSE;547;Molinia caerulea;NA
548;Montia fontana;Montia;fontana;NA;FALSE;548;Montia fontana;NA
549;Myosotis discolor;Myosotis;discolor;NA;FALSE;549;Myosotis discolor;NA
550;Myosotis laxa;Myosotis;laxa;NA;FALSE;550;Myosotis laxa;NA
551;Myosotis ramosissima;Myosotis;ramosissima;NA;FALSE;551;Myosotis ramosissima;NA
552;Myosotis scorpioides;Myosotis;scorpioides;NA;FALSE;552;Myosotis scorpioides;NA
553;Myosotis secunda;Myosotis;secunda;NA;FALSE;553;Myosotis secunda;NA
554;Myosotis sp.;Myosotis;sp.;NA;FALSE;554;Myosotis sp.;NA
555;Nardia sp.;Nardia;sp.;NA;FALSE;555;Nardia sp.;NA
556;Nardus stricta;Nardus;stricta;NA;FALSE;556;Nardus stricta;NA
557;Narthecium ossifragum;Narthecium;ossifragum;NA;FALSE;557;Narthecium ossifragum;NA
558;Neckera complanata;Neckera;complanata;NA;FALSE;558;Neckera complanata;NA
559;Neckera crispa;Neckera;crispa;NA;FALSE;559;Neckera crispa;NA
560;Neotinea maculata;Neotinea;maculata;NA;FALSE;560;Neotinea maculata;NA
561;Nostoc sp.;Nostoc;sp.;NA;FALSE;561;Nostoc sp.;NA
562;Odontites vernus;Odontites;vernus;NA;FALSE;562;Odontites vernus;NA
563;Odontoschisma sphagni;Odontoschisma;sphagni;NA;FALSE;563;Odontoschisma sphagni;NA
564;Oenanthe aquatica;Oenanthe;aquatica;NA;FALSE;564;Oenanthe aquatica;NA
565;Oenanthe crocata;Oenanthe;crocata;NA;FALSE;565;Oenanthe crocata;NA
566;Oenanthe fistulosa;Oenanthe;fistulosa;NA;FALSE;566;Oenanthe fistulosa;NA
567;Oenanthe lachenalii;Oenanthe;lachenalii;NA;FALSE;567;Oenanthe lachenalii;NA
568;Oenanthe sp.;Oenanthe;sp.;NA;FALSE;568;Oenanthe sp.;NA
569;Ononis repens;Ononis;repens;NA;FALSE;569;Ononis repens;NA
570;Ophioglossum azoricum;Ophioglossum;azoricum;NA;FALSE;570;Ophioglossum azoricum;NA
571;Ophioglossum vulgatum;Ophioglossum;vulgatum;NA;FALSE;571;Ophioglossum vulgatum;NA
572;Ophrys apifera;Ophrys;apifera;NA;FALSE;572;Ophrys apifera;NA
573;Ophrys sp.;Ophrys;sp.;NA;FALSE;573;Ophrys sp.;NA
574;Orchis mascula;Orchis;mascula;NA;FALSE;574;Orchis mascula;NA
575;Orchis morio;Orchis;morio;NA;FALSE;575;Orchis morio;NA
576;Orchis sp.;Orchis;sp.;NA;FALSE;576;Orchis sp.;NA
577;Oreopteris limbosperma;Oreopteris;limbosperma;NA;FALSE;577;Oreopteris limbosperma;NA
578;Origanum vulgare;Origanum;vulgare;NA;FALSE;578;Origanum vulgare;NA
579;Orobanche minor;Orobanche;minor;NA;FALSE;579;Orobanche minor;NA
580;Orobanche sp.;Orobanche;sp.;NA;FALSE;580;Orobanche sp.;NA
581;Orthothecium rufescens;Orthothecium;rufescens;NA;FALSE;581;Orthothecium rufescens;NA
582;Orthotrichum affine;Orthotrichum;affine;NA;FALSE;582;Orthotrichum affine;NA
583;Orthotrichum anomalum;Orthotrichum;anomalum;NA;FALSE;583;Orthotrichum anomalum;NA
584;Orthotrichum cupulatum;Orthotrichum;cupulatum;NA;FALSE;584;Orthotrichum cupulatum;NA
585;Osmunda regalis;Osmunda;regalis;NA;FALSE;585;Osmunda regalis;NA
586;Oxalis acetosella;Oxalis;acetosella;NA;FALSE;586;Oxalis acetosella;NA
587;Pallavicinia lyellii;Pallavicinia;lyellii;NA;FALSE;587;Pallavicinia lyellii;NA
588;Palustriella commutata;Palustriella;commutata;NA;FALSE;588;Palustriella commutata;NA
589;Palustriella commutata;Palustriella;commutata;NA;FALSE;589;Palustriella commutata;NA
590;Parapholis strigosa;Parapholis;strigosa;NA;FALSE;590;Parapholis strigosa;NA
591;Parmelia sp.;Parmelia;sp.;NA;FALSE;591;Parmelia sp.;NA
592;Parnassia palustris;Parnassia;palustris;NA;FALSE;592;Parnassia palustris;NA
593;Pedicularis palustris;Pedicularis;palustris;NA;FALSE;593;Pedicularis palustris;NA
594;Pedicularis sp.;Pedicularis;sp.;NA;FALSE;594;Pedicularis sp.;NA
595;Pedicularis sylvatica;Pedicularis;sylvatica;NA;FALSE;595;Pedicularis sylvatica;NA
596;Pedicularis sylvatica s. hibernica;Pedicularis;sylvatica s. hibernica;NA;FALSE;596;Pedicularis sylvatica s. hibernica;NA
597;Pellia endiviifolia;Pellia;endiviifolia;NA;FALSE;597;Pellia endiviifolia;NA
598;Pellia epiphylla;Pellia;epiphylla;NA;FALSE;598;Pellia epiphylla;NA
599;Pellia neesiana;Pellia;neesiana;NA;FALSE;599;Pellia neesiana;NA
600;Pellia sp.;Pellia;sp.;NA;FALSE;600;Pellia sp.;NA
601;Peltigera hymenina;Peltigera;hymenina;NA;FALSE;601;Peltigera hymenina;NA
602;Peltigera leucophlebia;Peltigera;leucophlebia;NA;FALSE;602;Peltigera leucophlebia;NA
603;Peltigera membranacea;Peltigera;membranacea;NA;FALSE;603;Peltigera membranacea;NA
604;Peltigera sp.;Peltigera;sp.;NA;FALSE;604;Peltigera sp.;NA
605;Persicaria amphibia;Persicaria;amphibia;NA;FALSE;605;Persicaria amphibia;NA
606;Persicaria hydropiper;Persicaria;hydropiper;NA;FALSE;606;Persicaria hydropiper;NA
607;Persicaria maculosa;Persicaria;maculosa;NA;FALSE;607;Persicaria maculosa;NA
608;Persicaria sp.;Persicaria;sp.;NA;FALSE;608;Persicaria sp.;NA
609;Phalaris arundinacea;Phalaris;arundinacea;NA;FALSE;609;Phalaris arundinacea;NA
610;Philonotis caespitosa;Philonotis;caespitosa;NA;FALSE;610;Philonotis caespitosa;NA
611;Philonotis fontana;Philonotis;fontana;NA;FALSE;611;Philonotis fontana;NA
612;Philonotis sp.;Philonotis;sp.;NA;FALSE;612;Philonotis sp.;NA
613;Phleum bertolonii;Phleum;bertolonii;NA;FALSE;613;Phleum bertolonii;NA
614;Phleum pratense;Phleum;pratense;NA;FALSE;614;Phleum pratense;NA
615;Phragmites australis;Phragmites;australis;NA;FALSE;615;Phragmites australis;NA
616;Phyllitis scolopendrium;Phyllitis;scolopendrium;NA;FALSE;616;Phyllitis scolopendrium;NA
617;Physcomitrium pyriforme;Physcomitrium;pyriforme;NA;FALSE;617;Physcomitrium pyriforme;NA
618;Picea sitchensis;Picea;sitchensis;NA;FALSE;618;Picea sitchensis;NA
619;Picris echioides;Picris;echioides;NA;FALSE;619;Picris echioides;NA
620;Picris hieracioides;Picris;hieracioides;NA;FALSE;620;Picris hieracioides;NA
621;Pilosella officinarum;Pilosella;officinarum;NA;FALSE;621;Pilosella officinarum;NA
622;Pimpinella saxifraga;Pimpinella;saxifraga;NA;FALSE;622;Pimpinella saxifraga;NA
623;Pinguicula lusitanica;Pinguicula;lusitanica;NA;FALSE;623;Pinguicula lusitanica;NA
624;Pinguicula sp.;Pinguicula;sp.;NA;FALSE;624;Pinguicula sp.;NA
625;Pinguicula vulgaris;Pinguicula;vulgaris;NA;FALSE;625;Pinguicula vulgaris;NA
626;Plagiochila bifaria;Plagiochila;bifaria;NA;FALSE;626;Plagiochila bifaria;NA
627;Plagiochila britannica;Plagiochila;britannica;NA;FALSE;627;Plagiochila britannica;NA
628;Plagiochila exigua;Plagiochila;exigua;NA;FALSE;628;Plagiochila exigua;NA
629;Plagiochila porelloides;Plagiochila;porelloides;NA;FALSE;629;Plagiochila porelloides;NA
630;Plagiochila punctata;Plagiochila;punctata;NA;FALSE;630;Plagiochila punctata;NA
631;Plagiochila sp.;Plagiochila;sp.;NA;FALSE;631;Plagiochila sp.;NA
632;Plagiochila spinulosa;Plagiochila;spinulosa;NA;FALSE;632;Plagiochila spinulosa;NA
633;Plagiomnium affine;Plagiomnium;affine;NA;FALSE;633;Plagiomnium affine;NA
634;Plagiomnium cuspidatum;Plagiomnium;cuspidatum;NA;FALSE;634;Plagiomnium cuspidatum;NA
635;Plagiomnium elatum;Plagiomnium;elatum;NA;FALSE;635;Plagiomnium elatum;NA
636;Plagiomnium ellipticum;Plagiomnium;ellipticum;NA;FALSE;636;Plagiomnium ellipticum;NA
637;Plagiomnium rostratum;Plagiomnium;rostratum;NA;FALSE;637;Plagiomnium rostratum;NA
638;Plagiomnium sp.;Plagiomnium;sp.;NA;FALSE;638;Plagiomnium sp.;NA
639;Plagiomnium undulatum;Plagiomnium;undulatum;NA;FALSE;639;Plagiomnium undulatum;NA
640;Plagiothecium denticulatum;Plagiothecium;denticulatum;NA;FALSE;640;Plagiothecium denticulatum;NA
641;Plagiothecium sp.;Plagiothecium;sp.;NA;FALSE;641;Plagiothecium sp.;NA
642;Plagiothecium succulentum;Plagiothecium;succulentum;NA;FALSE;642;Plagiothecium succulentum;NA
643;Plagiothecium undulatum;Plagiothecium;undulatum;NA;FALSE;643;Plagiothecium undulatum;NA
644;Plantago coronopus;Plantago;coronopus;NA;FALSE;644;Plantago coronopus;NA
645;Plantago lanceolata;Plantago;lanceolata;NA;FALSE;645;Plantago lanceolata;NA
646;Plantago major;Plantago;major;NA;FALSE;646;Plantago major;NA
647;Plantago maritima;Plantago;maritima;NA;FALSE;647;Plantago maritima;NA
648;Plantago media;Plantago;media;NA;FALSE;648;Plantago media;NA
649;Platanthera bifolia;Platanthera;bifolia;NA;FALSE;649;Platanthera bifolia;NA
650;Platanthera chlorantha;Platanthera;chlorantha;NA;FALSE;650;Platanthera chlorantha;NA
651;Platanthera sp.;Platanthera;sp.;NA;FALSE;651;Platanthera sp.;NA
652;Pleuridium acuminatum;Pleuridium;acuminatum;NA;FALSE;652;Pleuridium acuminatum;NA
653;Pleuridium sp.;Pleuridium;sp.;NA;FALSE;653;Pleuridium sp.;NA
654;Pleurozia purpurea;Pleurozia;purpurea;NA;FALSE;654;Pleurozia purpurea;NA
655;Pleurozium schreberi;Pleurozium;schreberi;NA;FALSE;655;Pleurozium schreberi;NA
656;Poa annua;Poa;annua;NA;FALSE;656;Poa annua;NA
657;Poa humilis;Poa;humilis;NA;FALSE;657;Poa humilis;NA
658;Poa pratensis;Poa;pratensis;NA;FALSE;658;Poa pratensis;NA
659;Poa sp.;Poa;sp.;NA;FALSE;659;Poa sp.;NA
660;Poa trivialis;Poa;trivialis;NA;FALSE;660;Poa trivialis;NA
661;Pogonatum urnigerum;Pogonatum;urnigerum;NA;FALSE;661;Pogonatum urnigerum;NA
662;Pohlia bulbifera;Pohlia;bulbifera;NA;FALSE;662;Pohlia bulbifera;NA
663;Pohlia elongata;Pohlia;elongata;NA;FALSE;663;Pohlia elongata;NA
664;Pohlia flexuosa;Pohlia;flexuosa;NA;FALSE;664;Pohlia flexuosa;NA
665;Pohlia melanodon;Pohlia;melanodon;NA;FALSE;665;Pohlia melanodon;NA
666;Pohlia nutans;Pohlia;nutans;NA;FALSE;666;Pohlia nutans;NA
667;Pohlia sp.;Pohlia;sp.;NA;FALSE;667;Pohlia sp.;NA
668;Pohlia wahlenbergii;Pohlia;wahlenbergii;NA;FALSE;668;Pohlia wahlenbergii;NA
669;Polygala serpyllifolia;Polygala;serpyllifolia;NA;FALSE;669;Polygala serpyllifolia;NA
670;Polygala sp.;Polygala;sp.;NA;FALSE;670;Polygala sp.;NA
671;Polygala vulgaris;Polygala;vulgaris;NA;FALSE;671;Polygala vulgaris;NA
672;Polygonum aviculare;Polygonum;aviculare;NA;FALSE;672;Polygonum aviculare;NA
673;Polypodium sp.;Polypodium;sp.;NA;FALSE;673;Polypodium sp.;NA
674;Polypodium vulgare;Polypodium;vulgare;NA;FALSE;674;Polypodium vulgare;NA
675;Polystichum setiferum;Polystichum;setiferum;NA;FALSE;675;Polystichum setiferum;NA
676;Polytrichum alpinum;Polytrichum;alpinum;NA;FALSE;676;Polytrichum alpinum;NA
677;Polytrichum commune;Polytrichum;commune;NA;FALSE;677;Polytrichum commune;NA
678;Polytrichum formosum;Polytrichum;formosum;NA;FALSE;678;Polytrichum formosum;NA
679;Polytrichum juniperinum;Polytrichum;juniperinum;NA;FALSE;679;Polytrichum juniperinum;NA
680;Polytrichum piliferum;Polytrichum;piliferum;NA;FALSE;680;Polytrichum piliferum;NA
681;Polytrichum sp.;Polytrichum;sp.;NA;FALSE;681;Polytrichum sp.;NA
682;Polytrichum strictum;Polytrichum;strictum;NA;FALSE;682;Polytrichum strictum;NA
683;Porella arboris-vitae;Porella;arboris-vitae;NA;FALSE;683;Porella arboris-vitae;NA
684;Porella platyphylla;Porella;platyphylla;NA;FALSE;684;Porella platyphylla;NA
685;Porella sp.;Porella;sp.;NA;FALSE;685;Porella sp.;NA
686;Potentilla anglica;Potentilla;anglica;NA;FALSE;686;Potentilla anglica;NA
687;Potentilla anserina;Potentilla;anserina;NA;FALSE;687;Potentilla anserina;NA
688;Potentilla erecta;Potentilla;erecta;NA;FALSE;688;Potentilla erecta;NA
689;Potentilla palustris;Potentilla;palustris;NA;FALSE;689;Potentilla palustris;NA
690;Potentilla reptans;Potentilla;reptans;NA;FALSE;690;Potentilla reptans;NA
691;Potentilla sp.;Potentilla;sp.;NA;FALSE;691;Potentilla sp.;NA
692;Potentilla sterilis;Potentilla;sterilis;NA;FALSE;692;Potentilla sterilis;NA
693;Potentilla x;Potentilla;x;NA;FALSE;693;Potentilla x;NA
694;Potentilla x;Potentilla;x;NA;FALSE;694;Potentilla x;NA
695;Preissia quadrata;Preissia;quadrata;NA;FALSE;695;Preissia quadrata;NA
696;Primula sp.;Primula;sp.;NA;FALSE;696;Primula sp.;NA
697;Primula veris;Primula;veris;NA;FALSE;697;Primula veris;NA
698;Primula vulgaris;Primula;vulgaris;NA;FALSE;698;Primula vulgaris;NA
699;Prunella vulgaris;Prunella;vulgaris;NA;FALSE;699;Prunella vulgaris;NA
700;Prunus spinosa;Prunus;spinosa;NA;FALSE;700;Prunus spinosa;NA
701;Pseudephemerum nitidum;Pseudephemerum;nitidum;NA;FALSE;701;Pseudephemerum nitidum;NA
702;Pseudocrossidium revolutum;Pseudocrossidium;revolutum;NA;FALSE;702;Pseudocrossidium revolutum;NA
703;Pseudotaxiphyllum elegans;Pseudotaxiphyllum;elegans;NA;FALSE;703;Pseudotaxiphyllum elegans;NA
704;Pteridium aquilinum;Pteridium;aquilinum;NA;FALSE;704;Pteridium aquilinum;NA
705;Ptilidium ciliare;Ptilidium;ciliare;NA;FALSE;705;Ptilidium ciliare;NA
706;Ptychomitrium polyphyllum;Ptychomitrium;polyphyllum;NA;FALSE;706;Ptychomitrium polyphyllum;NA
707;Pulicaria dysenterica;Pulicaria;dysenterica;NA;FALSE;707;Pulicaria dysenterica;NA
708;Quercus robur;Quercus;robur;NA;FALSE;708;Quercus robur;NA
709;Quercus sp.;Quercus;sp.;NA;FALSE;709;Quercus sp.;NA
710;Racomitrium aciculare;Racomitrium;aciculare;NA;FALSE;710;Racomitrium aciculare;NA
711;Racomitrium affine;Racomitrium;affine;NA;FALSE;711;Racomitrium affine;NA
712;Racomitrium aquaticum;Racomitrium;aquaticum;NA;FALSE;712;Racomitrium aquaticum;NA
713;Racomitrium ericoides;Racomitrium;ericoides;NA;FALSE;713;Racomitrium ericoides;NA
714;Racomitrium fasciculare;Racomitrium;fasciculare;NA;FALSE;714;Racomitrium fasciculare;NA
715;Racomitrium heterostichum;Racomitrium;heterostichum;NA;FALSE;715;Racomitrium heterostichum;NA
716;Racomitrium lanuginosum;Racomitrium;lanuginosum;NA;FALSE;716;Racomitrium lanuginosum;NA
717;Racomitrium sp.;Racomitrium;sp.;NA;FALSE;717;Racomitrium sp.;NA
718;Racomitrium sudeticum;Racomitrium;sudeticum;NA;FALSE;718;Racomitrium sudeticum;NA
719;Radiola linoides;Radiola;linoides;NA;FALSE;719;Radiola linoides;NA
720;Radula aquilegia;Radula;aquilegia;NA;FALSE;720;Radula aquilegia;NA
721;Radula complanata;Radula;complanata;NA;FALSE;721;Radula complanata;NA
722;Ranunculus acris;Ranunculus;acris;NA;FALSE;722;Ranunculus acris;NA
723;Ranunculus aquatilis;Ranunculus;aquatilis;NA;FALSE;723;Ranunculus aquatilis;NA
724;Ranunculus bulbosus;Ranunculus;bulbosus;NA;FALSE;724;Ranunculus bulbosus;NA
725;Ranunculus ficaria;Ranunculus;ficaria;NA;FALSE;725;Ranunculus ficaria;NA
726;Ranunculus flammula;Ranunculus;flammula;NA;FALSE;726;Ranunculus flammula;NA
727;Ranunculus hederaceus;Ranunculus;hederaceus;NA;FALSE;727;Ranunculus hederaceus;NA
728;Ranunculus lingua;Ranunculus;lingua;NA;FALSE;728;Ranunculus lingua;NA
729;Ranunculus omiophyllus;Ranunculus;omiophyllus;NA;FALSE;729;Ranunculus omiophyllus;NA
730;Ranunculus repens;Ranunculus;repens;NA;FALSE;730;Ranunculus repens;NA
731;Ranunculus sceleratus;Ranunculus;sceleratus;NA;FALSE;731;Ranunculus sceleratus;NA
732;Ranunculus sp.;Ranunculus;sp.;NA;FALSE;732;Ranunculus sp.;NA
733;Rhinanthus minor;Rhinanthus;minor;NA;FALSE;733;Rhinanthus minor;NA
734;Rhinanthus minor s. minor;Rhinanthus;minor s. minor;NA;FALSE;734;Rhinanthus minor s. minor;NA
735;Rhizomnium punctatum;Rhizomnium;punctatum;NA;FALSE;735;Rhizomnium punctatum;NA
736;Rhodobryum roseum;Rhodobryum;roseum;NA;FALSE;736;Rhodobryum roseum;NA
737;Rhynchostegium confertum;Rhynchostegium;confertum;NA;FALSE;737;Rhynchostegium confertum;NA
738;Rhynchostegium megapolitanum;Rhynchostegium;megapolitanum;NA;FALSE;738;Rhynchostegium megapolitanum;NA
739;Rhytidiadelphus loreus;Rhytidiadelphus;loreus;NA;FALSE;739;Rhytidiadelphus loreus;NA
740;Rhytidiadelphus squarrosus;Rhytidiadelphus;squarrosus;NA;FALSE;740;Rhytidiadelphus squarrosus;NA
741;Rhytidiadelphus subpinnatus;Rhytidiadelphus;subpinnatus;NA;FALSE;741;Rhytidiadelphus subpinnatus;NA
742;Rhytidiadelphus triquetrus;Rhytidiadelphus;triquetrus;NA;FALSE;742;Rhytidiadelphus triquetrus;NA
743;Riccardia chamedryfolia;Riccardia;chamedryfolia;NA;FALSE;743;Riccardia chamedryfolia;NA
744;Riccardia multifida;Riccardia;multifida;NA;FALSE;744;Riccardia multifida;NA
745;Riccardia palmata;Riccardia;palmata;NA;FALSE;745;Riccardia palmata;NA
746;Riccardia sp.;Riccardia;sp.;NA;FALSE;746;Riccardia sp.;NA
747;Rorippa amphibia;Rorippa;amphibia;NA;FALSE;747;Rorippa amphibia;NA
748;Rorippa microphylla;Rorippa;microphylla;NA;FALSE;748;Rorippa microphylla;NA
749;Rorippa nasturtium-aquaticum;Rorippa;nasturtium-aquaticum;NA;FALSE;749;Rorippa nasturtium-aquaticum;NA
750;Rorippa palustris;Rorippa;palustris;NA;FALSE;750;Rorippa palustris;NA
751;Rorippa sylvestris;Rorippa;sylvestris;NA;FALSE;751;Rorippa sylvestris;NA
752;Rosa canina;Rosa;canina;NA;FALSE;752;Rosa canina;NA
753;Rosa sp.;Rosa;sp.;NA;FALSE;753;Rosa sp.;NA
754;Rosa spinosissima;Rosa;spinosissima;NA;FALSE;754;Rosa spinosissima;NA
755;Rubia peregrina;Rubia;peregrina;NA;FALSE;755;Rubia peregrina;NA
756;Rubus fruticosus;Rubus;fruticosus;NA;FALSE;756;Rubus fruticosus;NA
757;Rumex acetosa;Rumex;acetosa;NA;FALSE;757;Rumex acetosa;NA
758;Rumex acetosella;Rumex;acetosella;NA;FALSE;758;Rumex acetosella;NA
759;Rumex conglomeratus;Rumex;conglomeratus;NA;FALSE;759;Rumex conglomeratus;NA
760;Rumex crispus;Rumex;crispus;NA;FALSE;760;Rumex crispus;NA
761;Rumex hydrolapathum;Rumex;hydrolapathum;NA;FALSE;761;Rumex hydrolapathum;NA
762;Rumex obtusifolius;Rumex;obtusifolius;NA;FALSE;762;Rumex obtusifolius;NA
763;Rumex sanguineus;Rumex;sanguineus;NA;FALSE;763;Rumex sanguineus;NA
764;Rumex sp.;Rumex;sp.;NA;FALSE;764;Rumex sp.;NA
765;Saccogyna viticulosa;Saccogyna;viticulosa;NA;FALSE;765;Saccogyna viticulosa;NA
766;Sagina apetala;Sagina;apetala;NA;FALSE;766;Sagina apetala;NA
767;Sagina maritima;Sagina;maritima;NA;FALSE;767;Sagina maritima;NA
768;Sagina nodosa;Sagina;nodosa;NA;FALSE;768;Sagina nodosa;NA
769;Sagina procumbens;Sagina;procumbens;NA;FALSE;769;Sagina procumbens;NA
770;Salix alba;Salix;alba;NA;FALSE;770;Salix alba;NA
771;Salix aurita;Salix;aurita;NA;FALSE;771;Salix aurita;NA
772;Salix caprea;Salix;caprea;NA;FALSE;772;Salix caprea;NA
773;Salix cinerea;Salix;cinerea;NA;FALSE;773;Salix cinerea;NA
774;Salix phylicifolia;Salix;phylicifolia;NA;FALSE;774;Salix phylicifolia;NA
775;Salix repens;Salix;repens;NA;FALSE;775;Salix repens;NA
776;Salix sp.;Salix;sp.;NA;FALSE;776;Salix sp.;NA
777;Salix x;Salix;x;NA;FALSE;777;Salix x;NA
778;Samolus valerandi;Samolus;valerandi;NA;FALSE;778;Samolus valerandi;NA
779;Sanguisorba minor;Sanguisorba;minor;NA;FALSE;779;Sanguisorba minor;NA
780;Sanguisorba minor s. muricata;Sanguisorba;minor s. muricata;NA;FALSE;780;Sanguisorba minor s. muricata;NA
781;Sanguisorba officinalis;Sanguisorba;officinalis;NA;FALSE;781;Sanguisorba officinalis;NA
782;Saxifraga aizoides;Saxifraga;aizoides;NA;FALSE;782;Saxifraga aizoides;NA
783;Saxifraga hypnoides;Saxifraga;hypnoides;NA;FALSE;783;Saxifraga hypnoides;NA
784;Saxifraga spathularis;Saxifraga;spathularis;NA;FALSE;784;Saxifraga spathularis;NA
785;Scapania aspera;Scapania;aspera;NA;FALSE;785;Scapania aspera;NA
786;Scapania compacta;Scapania;compacta;NA;FALSE;786;Scapania compacta;NA
787;Scapania gracilis;Scapania;gracilis;NA;FALSE;787;Scapania gracilis;NA
788;Scapania irrigua;Scapania;irrigua;NA;FALSE;788;Scapania irrigua;NA
789;Scapania nemorea;Scapania;nemorea;NA;FALSE;789;Scapania nemorea;NA
790;Scapania ornithopodioides;Scapania;ornithopodioides;NA;FALSE;790;Scapania ornithopodioides;NA
791;Scapania sp.;Scapania;sp.;NA;FALSE;791;Scapania sp.;NA
792;Scapania umbrosa;Scapania;umbrosa;NA;FALSE;792;Scapania umbrosa;NA
793;Scapania undulata;Scapania;undulata;NA;FALSE;793;Scapania undulata;NA
794;Schistidium apocarpum;Schistidium;apocarpum;NA;FALSE;794;Schistidium apocarpum;NA
795;Schistidium crassipilum;Schistidium;crassipilum;NA;FALSE;795;Schistidium crassipilum;NA
796;Schistidium elegantulum;Schistidium;elegantulum;NA;FALSE;796;Schistidium elegantulum;NA
797;Schistidium sp.;Schistidium;sp.;NA;FALSE;797;Schistidium sp.;NA
798;Schistidium strictum;Schistidium;strictum;NA;FALSE;798;Schistidium strictum;NA
799;Schoenoplectus lacustris;Schoenoplectus;lacustris;NA;FALSE;799;Schoenoplectus lacustris;NA
800;Schoenoplectus tabernaemontani;Schoenoplectus;tabernaemontani;NA;FALSE;800;Schoenoplectus tabernaemontani;NA
801;Schoenus nigricans;Schoenus;nigricans;NA;FALSE;801;Schoenus nigricans;NA
802;Scilla verna;Scilla;verna;NA;FALSE;802;Scilla verna;NA
803;Scleropodium purum;Scleropodium;purum;NA;FALSE;803;Scleropodium purum;NA
804;Scorpiurium circinatum;Scorpiurium;circinatum;NA;FALSE;804;Scorpiurium circinatum;NA
805;Scutellaria galericulata;Scutellaria;galericulata;NA;FALSE;805;Scutellaria galericulata;NA
806;Scutellaria minor;Scutellaria;minor;NA;FALSE;806;Scutellaria minor;NA
807;Sedum acre;Sedum;acre;NA;FALSE;807;Sedum acre;NA
808;Sedum album;Sedum;album;NA;FALSE;808;Sedum album;NA
809;Sedum anglicum;Sedum;anglicum;NA;FALSE;809;Sedum anglicum;NA
810;Sedum sp.;Sedum;sp.;NA;FALSE;810;Sedum sp.;NA
811;Selaginella selaginoides;Selaginella;selaginoides;NA;FALSE;811;Selaginella selaginoides;NA
812;Senecio aquaticus;Senecio;aquaticus;NA;FALSE;812;Senecio aquaticus;NA
813;Senecio jacobaea;Senecio;jacobaea;NA;FALSE;813;Senecio jacobaea;NA
814;Senecio sp.;Senecio;sp.;NA;FALSE;814;Senecio sp.;NA
815;Senecio vulgaris;Senecio;vulgaris;NA;FALSE;815;Senecio vulgaris;NA
816;Sesleria caerulea;Sesleria;caerulea;NA;FALSE;816;Sesleria caerulea;NA
817;Sherardia arvensis;Sherardia;arvensis;NA;FALSE;817;Sherardia arvensis;NA
818;Silene acaulis;Silene;acaulis;NA;FALSE;818;Silene acaulis;NA
819;Silene uniflora;Silene;uniflora;NA;FALSE;819;Silene uniflora;NA
820;Sisyrinchium bermudiana;Sisyrinchium;bermudiana;NA;FALSE;820;Sisyrinchium bermudiana;NA
821;Sium latifolium;Sium;latifolium;NA;FALSE;821;Sium latifolium;NA
822;Smyrnium olusatrum;Smyrnium;olusatrum;NA;FALSE;822;Smyrnium olusatrum;NA
823;Solidago virgaurea;Solidago;virgaurea;NA;FALSE;823;Solidago virgaurea;NA
824;Sonchus arvensis;Sonchus;arvensis;NA;FALSE;824;Sonchus arvensis;NA
825;Sonchus asper;Sonchus;asper;NA;FALSE;825;Sonchus asper;NA
826;Sonchus oleraceus;Sonchus;oleraceus;NA;FALSE;826;Sonchus oleraceus;NA
827;Sonchus sp.;Sonchus;sp.;NA;FALSE;827;Sonchus sp.;NA
828;Sorbus aria;Sorbus;aria;NA;FALSE;828;Sorbus aria;NA
829;Sorbus aucuparia;Sorbus;aucuparia;NA;FALSE;829;Sorbus aucuparia;NA
830;Sparganium emersum;Sparganium;emersum;NA;FALSE;830;Sparganium emersum;NA
831;Sparganium erectum;Sparganium;erectum;NA;FALSE;831;Sparganium erectum;NA
832;Sparganium sp.;Sparganium;sp.;NA;FALSE;832;Sparganium sp.;NA
833;Spergula arvensis;Spergula;arvensis;NA;FALSE;833;Spergula arvensis;NA
834;Spergularia rupicola;Spergularia;rupicola;NA;FALSE;834;Spergularia rupicola;NA
835;Sphagnum capillifolium;Sphagnum;capillifolium;NA;FALSE;835;Sphagnum capillifolium;NA
836;Sphagnum capillifolium s. rubellum;Sphagnum;capillifolium s. rubellum;NA;FALSE;836;Sphagnum capillifolium s. rubellum;NA
837;Sphagnum compactum;Sphagnum;compactum;NA;FALSE;837;Sphagnum compactum;NA
838;Sphagnum cuspidatum;Sphagnum;cuspidatum;NA;FALSE;838;Sphagnum cuspidatum;NA
839;Sphagnum denticulatum;Sphagnum;denticulatum;NA;FALSE;839;Sphagnum denticulatum;NA
840;Sphagnum fallax;Sphagnum;fallax;NA;FALSE;840;Sphagnum fallax;NA
841;Sphagnum fimbriatum;Sphagnum;fimbriatum;NA;FALSE;841;Sphagnum fimbriatum;NA
842;Sphagnum inundatum;Sphagnum;inundatum;NA;FALSE;842;Sphagnum inundatum;NA
843;Sphagnum molle;Sphagnum;molle;NA;FALSE;843;Sphagnum molle;NA
844;Sphagnum palustre;Sphagnum;palustre;NA;FALSE;844;Sphagnum palustre;NA
845;Sphagnum quinquefarium;Sphagnum;quinquefarium;NA;FALSE;845;Sphagnum quinquefarium;NA
846;Sphagnum russowii;Sphagnum;russowii;NA;FALSE;846;Sphagnum russowii;NA
847;Sphagnum sp.;Sphagnum;sp.;NA;FALSE;847;Sphagnum sp.;NA
848;Sphagnum squarrosum;Sphagnum;squarrosum;NA;FALSE;848;Sphagnum squarrosum;NA
849;Sphagnum subnitens;Sphagnum;subnitens;NA;FALSE;849;Sphagnum subnitens;NA
850;Sphagnum subnitens;Sphagnum;subnitens;NA;FALSE;850;Sphagnum subnitens;NA
851;Sphagnum subsecundum;Sphagnum;subsecundum;NA;FALSE;851;Sphagnum subsecundum;NA
852;Splachnum ampullaceum;Splachnum;ampullaceum;NA;FALSE;852;Splachnum ampullaceum;NA
853;Splachnum sphaericum;Splachnum;sphaericum;NA;FALSE;853;Splachnum sphaericum;NA
854;Stachys palustris;Stachys;palustris;NA;FALSE;854;Stachys palustris;NA
855;Stachys sylvatica;Stachys;sylvatica;NA;FALSE;855;Stachys sylvatica;NA
856;Stellaria graminea;Stellaria;graminea;NA;FALSE;856;Stellaria graminea;NA
857;Stellaria holostea;Stellaria;holostea;NA;FALSE;857;Stellaria holostea;NA
858;Stellaria media;Stellaria;media;NA;FALSE;858;Stellaria media;NA
859;Stellaria palustris;Stellaria;palustris;NA;FALSE;859;Stellaria palustris;NA
860;Stellaria sp.;Stellaria;sp.;NA;FALSE;860;Stellaria sp.;NA
861;Stellaria uliginosa;Stellaria;uliginosa;NA;FALSE;861;Stellaria uliginosa;NA
862;Succisa pratensis;Succisa;pratensis;NA;FALSE;862;Succisa pratensis;NA
863;Syntrichia intermedia;Syntrichia;intermedia;NA;FALSE;863;Syntrichia intermedia;NA
864;Taraxacum officinale;Taraxacum;officinale;NA;FALSE;864;Taraxacum officinale;NA
865;Teucrium scorodonia;Teucrium;scorodonia;NA;FALSE;865;Teucrium scorodonia;NA
866;Thalictrum flavum;Thalictrum;flavum;NA;FALSE;866;Thalictrum flavum;NA
867;Thamnobryum alopecurum;Thamnobryum;alopecurum;NA;FALSE;867;Thamnobryum alopecurum;NA
868;Thuidium assimile;Thuidium;assimile;NA;FALSE;868;Thuidium assimile;NA
869;Thuidium delicatulum;Thuidium;delicatulum;NA;FALSE;869;Thuidium delicatulum;NA
870;Thuidium sp.;Thuidium;sp.;NA;FALSE;870;Thuidium sp.;NA
871;Thuidium tamariscinum;Thuidium;tamariscinum;NA;FALSE;871;Thuidium tamariscinum;NA
872;Thymus polytrichus;Thymus;polytrichus;NA;FALSE;872;Thymus polytrichus;NA
873;Torilis japonica;Torilis;japonica;NA;FALSE;873;Torilis japonica;NA
874;Tortella flavovirens;Tortella;flavovirens;NA;FALSE;874;Tortella flavovirens;NA
875;Tortella nitida;Tortella;nitida;NA;FALSE;875;Tortella nitida;NA
876;Tortella sp.;Tortella;sp.;NA;FALSE;876;Tortella sp.;NA
877;Tortella tortuosa;Tortella;tortuosa;NA;FALSE;877;Tortella tortuosa;NA
878;Tortula acaulon;Tortula;acaulon;NA;FALSE;878;Tortula acaulon;NA
879;Tortula muralis;Tortula;muralis;NA;FALSE;879;Tortula muralis;NA
880;Tortula subulata;Tortula;subulata;NA;FALSE;880;Tortula subulata;NA
881;Tortula truncata;Tortula;truncata;NA;FALSE;881;Tortula truncata;NA
882;Trichophorum germanicum;Trichophorum;germanicum;NA;FALSE;882;Trichophorum germanicum;NA
883;Trichostomum brachydontium;Trichostomum;brachydontium;NA;FALSE;883;Trichostomum brachydontium;NA
884;Trichostomum crispulum;Trichostomum;crispulum;NA;FALSE;884;Trichostomum crispulum;NA
885;Trichostomum tenuirostre;Trichostomum;tenuirostre;NA;FALSE;885;Trichostomum tenuirostre;NA
886;Trifolium campestre;Trifolium;campestre;NA;FALSE;886;Trifolium campestre;NA
887;Trifolium dubium;Trifolium;dubium;NA;FALSE;887;Trifolium dubium;NA
888;Trifolium medium;Trifolium;medium;NA;FALSE;888;Trifolium medium;NA
889;Trifolium pratense;Trifolium;pratense;NA;FALSE;889;Trifolium pratense;NA
890;Trifolium pratense;Trifolium;pratense;NA;FALSE;890;Trifolium pratense;NA
891;Trifolium repens;Trifolium;repens;NA;FALSE;891;Trifolium repens;NA
892;Trifolium sp.;Trifolium;sp.;NA;FALSE;892;Trifolium sp.;NA
893;Triglochin maritimum;Triglochin;maritimum;NA;FALSE;893;Triglochin maritimum;NA
894;Triglochin palustre;Triglochin;palustre;NA;FALSE;894;Triglochin palustre;NA
895;Tripleurospermum maritimum;Tripleurospermum;maritimum;NA;FALSE;895;Tripleurospermum maritimum;NA
896;Tripleurospermum sp.;Tripleurospermum;sp.;NA;FALSE;896;Tripleurospermum sp.;NA
897;Trisetum flavescens;Trisetum;flavescens;NA;FALSE;897;Trisetum flavescens;NA
898;Tritomaria quinquedentata;Tritomaria;quinquedentata;NA;FALSE;898;Tritomaria quinquedentata;NA
899;Tuberaria guttata;Tuberaria;guttata;NA;FALSE;899;Tuberaria guttata;NA
900;Tussilago farfara;Tussilago;farfara;NA;FALSE;900;Tussilago farfara;NA
901;Typha latifolia;Typha;latifolia;NA;FALSE;901;Typha latifolia;NA
902;Ulex europaeus;Ulex;europaeus;NA;FALSE;902;Ulex europaeus;NA
903;Ulex gallii;Ulex;gallii;NA;FALSE;903;Ulex gallii;NA
904;Ulota crispa;Ulota;crispa;NA;FALSE;904;Ulota crispa;NA
905;Ulota phyllantha;Ulota;phyllantha;NA;FALSE;905;Ulota phyllantha;NA
906;Umbilicus rupestris;Umbilicus;rupestris;NA;FALSE;906;Umbilicus rupestris;NA
907;Urtica dioica;Urtica;dioica;NA;FALSE;907;Urtica dioica;NA
908;Vaccinium myrtillus;Vaccinium;myrtillus;NA;FALSE;908;Vaccinium myrtillus;NA
909;Vaccinium oxycoccos;Vaccinium;oxycoccos;NA;FALSE;909;Vaccinium oxycoccos;NA
910;Valeriana officinalis;Valeriana;officinalis;NA;FALSE;910;Valeriana officinalis;NA
911;Verbascum thapsus;Verbascum;thapsus;NA;FALSE;911;Verbascum thapsus;NA
912;Veronica agrestis;Veronica;agrestis;NA;FALSE;912;Veronica agrestis;NA
913;Veronica anagallis-aquatica;Veronica;anagallis-aquatica;NA;FALSE;913;Veronica anagallis-aquatica;NA
914;Veronica arvensis;Veronica;arvensis;NA;FALSE;914;Veronica arvensis;NA
915;Veronica beccabunga;Veronica;beccabunga;NA;FALSE;915;Veronica beccabunga;NA
916;Veronica catenata;Veronica;catenata;NA;FALSE;916;Veronica catenata;NA
917;Veronica chamaedrys;Veronica;chamaedrys;NA;FALSE;917;Veronica chamaedrys;NA
918;Veronica filiformis;Veronica;filiformis;NA;FALSE;918;Veronica filiformis;NA
919;Veronica montana;Veronica;montana;NA;FALSE;919;Veronica montana;NA
920;Veronica officinalis;Veronica;officinalis;NA;FALSE;920;Veronica officinalis;NA
921;Veronica persica;Veronica;persica;NA;FALSE;921;Veronica persica;NA
922;Veronica scutellata;Veronica;scutellata;NA;FALSE;922;Veronica scutellata;NA
923;Veronica serpyllifolia;Veronica;serpyllifolia;NA;FALSE;923;Veronica serpyllifolia;NA
924;Veronica sp.;Veronica;sp.;NA;FALSE;924;Veronica sp.;NA
925;Vicia cracca;Vicia;cracca;NA;FALSE;925;Vicia cracca;NA
926;Vicia sativa;Vicia;sativa;NA;FALSE;926;Vicia sativa;NA
927;Vicia sepium;Vicia;sepium;NA;FALSE;927;Vicia sepium;NA
928;Viola canina;Viola;canina;NA;FALSE;928;Viola canina;NA
929;Viola hirta;Viola;hirta;NA;FALSE;929;Viola hirta;NA
930;Viola lutea;Viola;lutea;NA;FALSE;930;Viola lutea;NA
931;Viola palustris;Viola;palustris;NA;FALSE;931;Viola palustris;NA
932;Viola riviniana;Viola;riviniana;NA;FALSE;932;Viola riviniana;NA
933;Viola sp.;Viola;sp.;NA;FALSE;933;Viola sp.;NA
934;Vulpia bromoides;Vulpia;bromoides;NA;FALSE;934;Vulpia bromoides;NA
935;Wahlenbergia hederacea;Wahlenbergia;hederacea;NA;FALSE;935;Wahlenbergia hederacea;NA
936;Warnstorfia fluitans;Warnstorfia;fluitans;NA;FALSE;936;Warnstorfia fluitans;NA
937;Weissia brachycarpa;Weissia;brachycarpa;NA;FALSE;937;Weissia brachycarpa;NA
938;Weissia brachycarpa;Weissia;brachycarpa;NA;FALSE;938;Weissia brachycarpa;NA
939;Weissia condensa;Weissia;condensa;NA;FALSE;939;Weissia condensa;NA
940;Weissia controversa;Weissia;controversa;NA;FALSE;940;Weissia controversa;NA
941;Weissia perssonii;Weissia;perssonii;NA;FALSE;941;Weissia perssonii;NA
942;Weissia sp.;Weissia;sp.;NA;FALSE;942;Weissia sp.;NA
943;Zygodon sp.;Zygodon;sp.;NA;FALSE;943;Zygodon sp.;NA
944;Zygodon viridissimus;Zygodon;viridissimus;NA;FALSE;944;Zygodon viridissimus;NA
945;Zygodon viridissimus;Zygodon;viridissimus;NA;FALSE;945;Zygodon viridissimus;NA